Date,DAYOPEN,DAYHIGH,DAYLOW,LTP,VOLUME(QUANTITY MN),Dividends,Stock Splits,Symbol,PREVCLOSE,CHNG,%CHNG,TURNOVER(INR MN),52W HIGH,52W LOW
2024-10-22 00:00:00+05:30,1934.0,1970.0,1807.0,1819.5999755859375,28619978,0.0,0.0,HYUNDAI,,,,52076.91127007007,1819.5999755859375,1819.5999755859375
2024-10-23 00:00:00+05:30,1815.199951171875,1928.9000244140625,1810.0,1896.8499755859375,7729113,0.0,0.0,HYUNDAI,1819.5999755859375,77.25,4.24543861488701,14660.967805350952,1896.8499755859375,1819.5999755859375
2024-10-24 00:00:00+05:30,1927.949951171875,1933.8499755859375,1853.449951171875,1871.199951171875,3271622,0.0,0.0,HYUNDAI,1896.8499755859375,-25.6500244140625,-1.352243179176002,6121.858926652832,1896.8499755859375,1819.5999755859375
2024-10-25 00:00:00+05:30,1871.0,1884.25,1783.0,1843.75,3219776,0.0,0.0,HYUNDAI,1871.199951171875,-27.449951171875,-1.4669704942373445,5936.462,1896.8499755859375,1819.5999755859375
2024-10-28 00:00:00+05:30,1843.75,1848.6500244140625,1795.0,1803.3499755859375,1341337,0.0,0.0,HYUNDAI,1843.75,-40.4000244140625,-2.1911877648305085,2418.9000462025147,1896.8499755859375,1803.3499755859375
2024-10-29 00:00:00+05:30,1807.949951171875,1807.949951171875,1752.0,1758.5,2446675,0.0,0.0,HYUNDAI,1803.3499755859375,-44.8499755859375,-2.4870366924404133,4302.4779875,1896.8499755859375,1758.5
2024-10-30 00:00:00+05:30,1769.949951171875,1843.0999755859375,1760.6500244140625,1832.050048828125,1516619,0.0,0.0,HYUNDAI,1758.5,73.550048828125,4.18254471584447,2778.521913003662,1896.8499755859375,1758.5
2024-10-31 00:00:00+05:30,1823.0,1842.949951171875,1815.1500244140625,1822.550048828125,522279,0.0,0.0,HYUNDAI,1832.050048828125,-9.5,-0.5185447857211487,951.8796169519044,1896.8499755859375,1758.5
2024-11-01 00:00:00+05:30,1825.0,1848.0,1825.0,1832.300048828125,158166,0.0,0.0,HYUNDAI,1822.550048828125,9.75,0.534964732862569,289.8075695229492,1896.8499755859375,1758.5
2024-11-04 00:00:00+05:30,1832.25,1841.0,1796.0999755859375,1814.449951171875,926694,0.0,0.0,HYUNDAI,1832.300048828125,-17.85009765625,-0.9741907537286972,1681.4398830512696,1896.8499755859375,1758.5
2024-11-05 00:00:00+05:30,1802.3499755859375,1840.0,1800.0,1828.25,889751,0.0,0.0,HYUNDAI,1814.449951171875,13.800048828125,0.7605637630959258,1626.68726575,1896.8499755859375,1758.5
2024-11-06 00:00:00+05:30,1826.0,1868.4000244140625,1823.0999755859375,1853.5,903413,0.0,0.0,HYUNDAI,1828.25,25.25,1.381102146861753,1674.4759955,1896.8499755859375,1758.5
2024-11-07 00:00:00+05:30,1841.6500244140625,1849.9000244140625,1826.0,1833.6500244140625,650585,0.0,0.0,HYUNDAI,1853.5,-19.8499755859375,-1.070945540109927,1192.9452011334229,1896.8499755859375,1758.5
2024-11-08 00:00:00+05:30,1830.199951171875,1847.5999755859375,1809.5999755859375,1840.1500244140625,577813,0.0,0.0,HYUNDAI,1833.6500244140625,6.5,0.3544842207322008,1063.2626060567627,1896.8499755859375,1758.5
2024-11-11 00:00:00+05:30,1830.0,1865.0,1820.0,1822.050048828125,445794,0.0,0.0,HYUNDAI,1840.1500244140625,-18.0999755859375,-0.983614126337382,812.2589794672851,1896.8499755859375,1758.5
2024-11-12 00:00:00+05:30,1826.199951171875,1842.25,1772.199951171875,1803.949951171875,1069276,0.0,0.0,HYUNDAI,1822.050048828125,-18.10009765625,-0.9933919031418106,1928.9203879892575,1896.8499755859375,1758.5
2024-11-13 00:00:00+05:30,1787.0,1795.0,1714.0,1739.949951171875,1500153,0.0,0.0,HYUNDAI,1803.949951171875,-64.0,-3.5477702670423072,2610.191139100342,1896.8499755859375,1739.949951171875
2024-11-14 00:00:00+05:30,1749.949951171875,1779.0,1716.0999755859375,1765.75,580587,0.0,0.0,HYUNDAI,1739.949951171875,25.800048828125,1.4828040778269738,1025.17149525,1896.8499755859375,1739.949951171875
2024-11-18 00:00:00+05:30,1751.9000244140625,1759.0,1688.5,1729.800048828125,1599438,0.0,0.0,HYUNDAI,1765.75,-35.949951171875,-2.035959290492708,2766.7079304975587,1896.8499755859375,1729.800048828125
2024-11-19 00:00:00+05:30,1733.0,1849.0,1729.0,1829.800048828125,1824631,0.0,0.0,HYUNDAI,1729.800048828125,100.0,5.78101498307543,3338.7098928933106,1896.8499755859375,1729.800048828125
2024-11-21 00:00:00+05:30,1819.949951171875,1859.0,1786.050048828125,1825.550048828125,1171989,0.0,0.0,HYUNDAI,1829.800048828125,-4.25,-0.2322658152032439,2139.524576176025,1896.8499755859375,1729.800048828125
2024-11-22 00:00:00+05:30,1825.550048828125,1838.0,1811.25,1830.199951171875,436515,0.0,0.0,HYUNDAI,1825.550048828125,4.64990234375,0.2547124000645674,798.909731685791,1896.8499755859375,1729.800048828125
2024-11-25 00:00:00+05:30,1835.050048828125,1860.0,1832.050048828125,1853.3499755859375,791187,0.0,0.0,HYUNDAI,1830.199951171875,23.1500244140625,1.2648904508624623,1466.346407133911,1896.8499755859375,1729.800048828125
2024-11-26 00:00:00+05:30,1854.9000244140625,1911.0,1853.3499755859375,1880.0,825461,0.0,0.0,HYUNDAI,1853.3499755859375,26.6500244140625,1.4379380454378068,1551.86668,1896.8499755859375,1729.800048828125
2024-11-27 00:00:00+05:30,1905.300048828125,1926.5999755859375,1895.0,1907.449951171875,894423,0.0,0.0,HYUNDAI,1880.0,27.449951171875,1.460103785738032,1706.067107677002,1907.449951171875,1729.800048828125
2024-11-28 00:00:00+05:30,1890.0,1917.800048828125,1874.1500244140625,1902.6500244140625,692877,0.0,0.0,HYUNDAI,1907.449951171875,-4.7999267578125,-0.2516410328283361,1318.3024409659424,1907.449951171875,1729.800048828125
2024-11-29 00:00:00+05:30,1905.199951171875,1939.0,1897.050048828125,1916.550048828125,1301843,0.0,0.0,HYUNDAI,1902.6500244140625,13.9000244140625,0.7305612821960324,2495.0472652165527,1916.550048828125,1729.800048828125
2024-12-02 00:00:00+05:30,1875.0,1915.449951171875,1870.25,1880.9000244140625,476433,0.0,0.0,HYUNDAI,1916.550048828125,-35.6500244140625,-1.860114450747619,896.1228413316651,1916.550048828125,1729.800048828125
2024-12-03 00:00:00+05:30,1885.0,1889.8499755859375,1825.5,1849.199951171875,961607,0.0,0.0,HYUNDAI,1880.9000244140625,-31.7000732421875,-1.6853672619873934,1778.2036174465331,1916.550048828125,1729.800048828125
2024-12-04 00:00:00+05:30,1840.25,1877.0,1840.25,1872.199951171875,640379,0.0,0.0,HYUNDAI,1849.199951171875,23.0,1.243781127369403,1198.917532531494,1916.550048828125,1729.800048828125
2024-12-05 00:00:00+05:30,1875.9000244140625,1898.9000244140625,1866.300048828125,1878.050048828125,506260,0.0,0.0,HYUNDAI,1872.199951171875,5.85009765625,0.3124718410866435,950.7816177197266,1916.550048828125,1729.800048828125
2024-12-06 00:00:00+05:30,1876.0,1880.0,1853.5999755859375,1858.5,612872,0.0,0.0,HYUNDAI,1878.050048828125,-19.550048828125,-1.0409759228900175,1139.022612,1916.550048828125,1729.800048828125
2024-12-09 00:00:00+05:30,1858.5,1871.0,1824.0,1826.6500244140625,403251,0.0,0.0,HYUNDAI,1858.5,-31.8499755859375,-1.7137463323076405,736.5984489949951,1916.550048828125,1729.800048828125
2024-12-10 00:00:00+05:30,1829.949951171875,1842.949951171875,1820.0,1833.449951171875,367019,0.0,0.0,HYUNDAI,1826.6500244140625,6.7999267578125,0.3722621556909197,672.9109676291504,1916.550048828125,1729.800048828125
2024-12-11 00:00:00+05:30,1840.0,1840.0,1819.0,1823.4000244140625,337783,0.0,0.0,HYUNDAI,1833.449951171875,-10.0499267578125,-0.5481429559279188,615.9135304466553,1916.550048828125,1729.800048828125
2024-12-12 00:00:00+05:30,1769.050048828125,1861.0,1768.6500244140625,1798.5999755859375,1048206,0.0,0.0,HYUNDAI,1823.4000244140625,-24.800048828125,-1.360099182629677,1885.3032860090332,1916.550048828125,1729.800048828125
2024-12-13 00:00:00+05:30,1800.0,1808.699951171875,1760.0,1772.0,569711,0.0,0.0,HYUNDAI,1798.5999755859375,-26.5999755859375,-1.4789267178362946,1009.527892,1916.550048828125,1729.800048828125
2024-12-16 00:00:00+05:30,1772.0,1824.0999755859375,1766.25,1817.4000244140625,545726,0.0,0.0,HYUNDAI,1772.0,45.4000244140625,2.5620781272044297,991.8024457233888,1916.550048828125,1729.800048828125
2024-12-17 00:00:00+05:30,1817.4000244140625,1831.0,1802.050048828125,1824.25,312411,0.0,0.0,HYUNDAI,1817.4000244140625,6.8499755859375,0.3769107237767294,569.91576675,1916.550048828125,1729.800048828125
2024-12-18 00:00:00+05:30,1820.5,1822.949951171875,1790.0,1795.8499755859375,324766,0.0,0.0,HYUNDAI,1824.25,-28.4000244140625,-1.5568055044024942,583.2310131711425,1916.550048828125,1729.800048828125
2024-12-19 00:00:00+05:30,1785.1500244140625,1792.0,1766.0,1787.449951171875,430008,0.0,0.0,HYUNDAI,1795.8499755859375,-8.4000244140625,-0.4677464447620018,768.6177786035156,1916.550048828125,1729.800048828125
2024-12-20 00:00:00+05:30,1793.25,1807.949951171875,1758.0,1766.199951171875,531540,0.0,0.0,HYUNDAI,1787.449951171875,-21.25,-1.188844475677108,938.8059220458985,1916.550048828125,1729.800048828125
2024-12-23 00:00:00+05:30,1779.550048828125,1786.0,1738.0,1752.5999755859375,335306,0.0,0.0,HYUNDAI,1766.199951171875,-13.5999755859375,-0.7700133598641482,587.6572874138184,1916.550048828125,1729.800048828125
2024-12-24 00:00:00+05:30,1762.0999755859375,1770.0,1749.3499755859375,1765.199951171875,192311,0.0,0.0,HYUNDAI,1752.5999755859375,12.5999755859375,0.7189304896415405,339.46736780981445,1916.550048828125,1729.800048828125
2024-12-26 00:00:00+05:30,1765.199951171875,1786.949951171875,1750.0,1777.800048828125,257169,0.0,0.0,HYUNDAI,1765.199951171875,12.60009765625,0.7138056880120062,457.19506075708006,1916.550048828125,1729.800048828125
2024-12-27 00:00:00+05:30,1777.800048828125,1805.300048828125,1776.0,1792.0999755859375,223552,0.0,0.0,HYUNDAI,1777.800048828125,14.2999267578125,0.8043608035244797,400.6275337421875,1916.550048828125,1729.800048828125
2024-12-30 00:00:00+05:30,1781.4000244140625,1804.8499755859375,1776.0,1796.5999755859375,211968,0.0,0.0,HYUNDAI,1792.0999755859375,4.5,0.2511020624576873,380.821703625,1916.550048828125,1729.800048828125
2024-12-31 00:00:00+05:30,1794.949951171875,1820.0,1786.550048828125,1806.0999755859375,231141,0.0,0.0,HYUNDAI,1796.5999755859375,9.5,0.5287765851661942,417.4637544569091,1916.550048828125,1729.800048828125
2025-01-01 00:00:00+05:30,1800.0,1805.0,1791.0,1799.4000244140625,130344,0.0,0.0,HYUNDAI,1806.0999755859375,-6.699951171875,-0.3709623643453842,234.54099678222656,1916.550048828125,1729.800048828125
2025-01-02 00:00:00+05:30,1791.300048828125,1854.0,1791.300048828125,1818.6500244140625,624221,0.0,0.0,HYUNDAI,1799.4000244140625,19.25,1.0698010302777652,1135.2395368897703,1916.550048828125,1729.800048828125
2025-01-03 00:00:00+05:30,1821.949951171875,1834.4000244140625,1812.050048828125,1828.6500244140625,246250,0.0,0.0,HYUNDAI,1818.6500244140625,10.0,0.5498584040775975,450.3050685119629,1916.550048828125,1729.800048828125
2025-01-06 00:00:00+05:30,1811.0,1849.0,1797.5999755859375,1801.1500244140625,395362,0.0,0.0,HYUNDAI,1828.6500244140625,-27.5,-1.5038416117272944,712.1062759523926,1916.550048828125,1729.800048828125
2025-01-07 00:00:00+05:30,1803.050048828125,1848.9000244140625,1803.050048828125,1833.0,925887,0.0,0.0,HYUNDAI,1801.1500244140625,31.8499755859375,1.7683133083985445,1697.150871,1916.550048828125,1729.800048828125
2025-01-08 00:00:00+05:30,1820.0,1826.550048828125,1800.050048828125,1811.4000244140625,289586,0.0,0.0,HYUNDAI,1833.0,-21.5999755859375,-1.1783947400947898,524.5560874699707,1916.550048828125,1729.800048828125
2025-01-09 00:00:00+05:30,1802.0,1807.1500244140625,1766.0,1785.550048828125,445286,0.0,0.0,HYUNDAI,1811.4000244140625,-25.8499755859375,-1.4270716151888785,795.0804390424805,1916.550048828125,1729.800048828125
2025-01-10 00:00:00+05:30,1781.0,1799.0,1774.4000244140625,1787.5999755859375,543447,0.0,0.0,HYUNDAI,1785.550048828125,2.0499267578125,0.1148064574923502,971.465843932251,1916.550048828125,1729.800048828125
2025-01-13 00:00:00+05:30,1768.4000244140625,1782.5999755859375,1747.1500244140625,1766.949951171875,433775,0.0,0.0,HYUNDAI,1787.5999755859375,-20.6500244140625,-1.1551815113050592,766.4587150695801,1916.550048828125,1729.800048828125
2025-01-14 00:00:00+05:30,1766.949951171875,1807.0,1764.0999755859375,1782.050048828125,330495,0.0,0.0,HYUNDAI,1766.949951171875,15.10009765625,0.8545854763025589,588.9586308874511,1916.550048828125,1729.800048828125
2025-01-15 00:00:00+05:30,1790.0,1818.0,1776.0,1795.5,569286,0.0,0.0,HYUNDAI,1782.050048828125,13.449951171875,0.7547459837460614,1022.153013,1916.550048828125,1729.800048828125
2025-01-16 00:00:00+05:30,1791.949951171875,1824.9000244140625,1791.0,1817.0999755859375,542776,0.0,0.0,HYUNDAI,1795.5,21.5999755859375,1.2030061590608463,986.2782563486328,1916.550048828125,1729.800048828125
2025-01-17 00:00:00+05:30,1765.0,1815.0,1738.0,1789.0999755859375,2441970,0.0,0.0,HYUNDAI,1817.0999755859375,-28.0,-1.540916866226427,4368.928467381592,1916.550048828125,1729.800048828125
2025-01-20 00:00:00+05:30,1789.199951171875,1795.300048828125,1761.050048828125,1782.449951171875,993234,0.0,0.0,HYUNDAI,1789.0999755859375,-6.6500244140625,-0.3716966354484796,1770.389894802246,1916.550048828125,1729.800048828125
2025-01-21 00:00:00+05:30,1784.5999755859375,1801.1500244140625,1738.0999755859375,1745.550048828125,1036378,0.0,0.0,HYUNDAI,1782.449951171875,-36.89990234375,-2.070178874839661,1809.0496685043945,1916.550048828125,1729.800048828125
2025-01-22 00:00:00+05:30,1759.0,1759.0,1684.8499755859375,1702.5,1321964,0.0,0.0,HYUNDAI,1745.550048828125,-43.050048828125,-2.466274104086941,2250.64371,1916.550048828125,1702.5
2025-01-23 00:00:00+05:30,1707.0,1715.0,1688.1500244140625,1705.0999755859375,937567,0.0,0.0,HYUNDAI,1702.5,2.5999755859375,0.1527151592327459,1598.6454688101808,1916.550048828125,1702.5
2025-01-24 00:00:00+05:30,1706.0999755859375,1710.3499755859375,1685.199951171875,1705.300048828125,548666,0.0,0.0,HYUNDAI,1705.0999755859375,0.2000732421875,0.0117338129759075,935.640156590332,1916.550048828125,1702.5
2025-01-27 00:00:00+05:30,1695.0,1695.0,1636.0,1643.75,1538942,0.0,0.0,HYUNDAI,1705.300048828125,-61.550048828125,-3.609338360743139,2529.6359125,1916.550048828125,1643.75
2025-01-28 00:00:00+05:30,1651.5,1667.949951171875,1615.050048828125,1624.4000244140625,1291382,0.0,0.0,HYUNDAI,1643.75,-19.3499755859375,-1.1771848265209126,2097.7209523278807,1916.550048828125,1624.4000244140625
2025-01-29 00:00:00+05:30,1619.949951171875,1661.3499755859375,1610.6500244140625,1649.5,676152,0.0,0.0,HYUNDAI,1624.4000244140625,25.0999755859375,1.545184388617041,1115.312724,1916.550048828125,1624.4000244140625
2025-01-30 00:00:00+05:30,1655.0,1655.0,1615.0,1622.0,341982,0.0,0.0,HYUNDAI,1649.5,-27.5,-1.6671718702637162,554.694804,1916.550048828125,1622.0
2025-01-31 00:00:00+05:30,1638.0,1686.300048828125,1630.3499755859375,1677.550048828125,638701,0.0,0.0,HYUNDAI,1622.0,55.550048828125,3.4247872273813194,1071.4528937365724,1916.550048828125,1622.0
2025-02-01 00:00:00+05:30,1692.0,1829.800048828125,1667.050048828125,1750.449951171875,981974,0.0,0.0,HYUNDAI,1677.550048828125,72.89990234375,4.345617133430696,1718.8963403520509,1916.550048828125,1622.0
2025-02-03 00:00:00+05:30,1750.8499755859375,1811.9000244140625,1741.300048828125,1799.9000244140625,3536130,0.0,0.0,HYUNDAI,1750.449951171875,49.4500732421875,2.824992123258487,6364.680473331299,1916.550048828125,1622.0
2025-02-04 00:00:00+05:30,1801.050048828125,1850.0,1801.050048828125,1844.8499755859375,1154361,0.0,0.0,HYUNDAI,1799.9000244140625,44.949951171875,2.4973582177992335,2129.6228626673583,1916.550048828125,1622.0
2025-02-05 00:00:00+05:30,1840.0,1847.0,1801.550048828125,1841.3499755859375,673537,0.0,0.0,HYUNDAI,1844.8499755859375,-3.5,-0.1897173237020736,1240.2173385062256,1916.550048828125,1622.0
2025-02-06 00:00:00+05:30,1830.0,1834.5999755859375,1791.050048828125,1825.949951171875,867707,0.0,0.0,HYUNDAI,1841.3499755859375,-15.4000244140625,-0.8363442375565809,1584.3895542814942,1916.550048828125,1622.0
2025-02-07 00:00:00+05:30,1828.949951171875,1929.0,1821.050048828125,1898.199951171875,2903619,0.0,0.0,HYUNDAI,1825.949951171875,72.25,3.956844488187134,5511.649444021728,1916.550048828125,1622.0
2025-02-10 00:00:00+05:30,1887.5,1887.5,1845.1500244140625,1854.8499755859375,804255,0.0,0.0,HYUNDAI,1898.199951171875,-43.3499755859375,-2.283741265464416,1491.772367114868,1916.550048828125,1622.0
2025-02-11 00:00:00+05:30,1855.0,1877.4000244140625,1797.800048828125,1835.699951171875,1750256,0.0,0.0,HYUNDAI,1854.8499755859375,-19.1500244140625,-1.0324298280788509,3212.9448537382814,1916.550048828125,1622.0
2025-02-12 00:00:00+05:30,1876.0,1898.050048828125,1789.0,1804.0999755859375,2325740,0.0,0.0,HYUNDAI,1835.699951171875,-31.5999755859375,-1.721412890258274,4195.867477219238,1916.550048828125,1622.0
2025-02-13 00:00:00+05:30,1823.0,1861.9000244140625,1788.800048828125,1799.199951171875,1173472,0.0,0.0,HYUNDAI,1804.0999755859375,-4.9000244140625,-0.2716049265768137,2111.3107651015625,1916.550048828125,1622.0
2025-02-14 00:00:00+05:30,1808.8499755859375,1850.0,1792.0,1806.300048828125,1333382,0.0,0.0,HYUNDAI,1799.199951171875,7.10009765625,0.3946252695052312,2408.487971706543,1916.550048828125,1622.0
2025-02-17 00:00:00+05:30,1805.0,1855.0,1758.0999755859375,1843.9000244140625,1994718,0.0,0.0,HYUNDAI,1806.300048828125,37.5999755859375,2.081601869541623,3678.06056889917,1916.550048828125,1622.0
2025-02-18 00:00:00+05:30,1843.9000244140625,1869.5999755859375,1796.0,1811.050048828125,1284671,0.0,0.0,HYUNDAI,1843.9000244140625,-32.8499755859375,-1.78154862796188,2326.6034772780763,1916.550048828125,1622.0
2025-02-19 00:00:00+05:30,1820.0,1890.300048828125,1795.6500244140625,1875.949951171875,1179676,0.0,0.0,HYUNDAI,1811.050048828125,64.89990234375,3.5835510115109597,2213.013134598633,1916.550048828125,1622.0
2025-02-20 00:00:00+05:30,1867.300048828125,1875.0,1835.5999755859375,1853.25,1021304,0.0,0.0,HYUNDAI,1875.949951171875,-22.699951171875,-1.210051001504316,1892.731638,1916.550048828125,1622.0
2025-02-21 00:00:00+05:30,1846.0,1875.0,1778.0,1797.9000244140625,1310998,0.0,0.0,HYUNDAI,1853.25,-55.3499755859375,-2.9866437655975986,2357.043336206787,1916.550048828125,1622.0
2025-02-24 00:00:00+05:30,1793.0,1819.199951171875,1772.449951171875,1794.5,978604,0.0,0.0,HYUNDAI,1797.9000244140625,-3.4000244140625,-0.189110872011394,1756.104878,1916.550048828125,1622.0
2025-02-25 00:00:00+05:30,1794.5,1839.699951171875,1791.199951171875,1826.3499755859375,1269628,0.0,0.0,HYUNDAI,1794.5,31.8499755859375,1.7748662906624408,2318.7850668032224,1916.550048828125,1622.0
2025-02-27 00:00:00+05:30,1809.0,1810.4000244140625,1700.0,1723.0,1554491,0.0,0.0,HYUNDAI,1826.3499755859375,-103.3499755859375,-5.658826455361071,2678.387993,1916.550048828125,1622.0
2025-02-28 00:00:00+05:30,1760.0,1813.449951171875,1656.0,1729.9000244140625,29179375,0.0,0.0,HYUNDAI,1723.0,6.9000244140625,0.4004657233930644,50477.401524887086,1916.550048828125,1622.0
2025-03-03 00:00:00+05:30,1681.0,1729.199951171875,1661.0999755859375,1695.25,936736,0.0,0.0,HYUNDAI,1729.9000244140625,-34.6500244140625,-2.0030073371320327,1588.001704,1916.550048828125,1622.0
2025-03-04 00:00:00+05:30,1695.0,1729.949951171875,1688.050048828125,1712.8499755859375,756354,0.0,0.0,HYUNDAI,1695.25,17.5999755859375,1.0381935163508331,1295.520930434326,1916.550048828125,1622.0
2025-03-05 00:00:00+05:30,1712.8499755859375,1732.25,1704.300048828125,1718.0999755859375,506644,0.0,0.0,HYUNDAI,1712.8499755859375,5.25,0.3065067037294998,870.4650440307618,1916.550048828125,1622.0
2025-03-06 00:00:00+05:30,1720.949951171875,1726.699951171875,1690.0999755859375,1717.5999755859375,729380,0.0,0.0,HYUNDAI,1718.0999755859375,-0.5,-0.0291019153195366,1252.783070192871,1916.550048828125,1622.0
2025-03-07 00:00:00+05:30,1703.0,1723.0999755859375,1703.0,1715.4000244140625,302079,0.0,0.0,HYUNDAI,1717.5999755859375,-2.199951171875,-0.1280828599874958,518.1863239749756,1916.550048828125,1622.0
2025-03-10 00:00:00+05:30,1709.0,1712.0,1660.0,1674.5,769044,0.0,0.0,HYUNDAI,1715.4000244140625,-40.9000244140625,-2.3842849383211897,1287.764178,1916.550048828125,1622.0
2025-03-11 00:00:00+05:30,1654.050048828125,1685.949951171875,1654.050048828125,1663.0,279335,0.0,0.0,HYUNDAI,1674.5,-11.5,-0.686772170797253,464.534105,1916.550048828125,1622.0
2025-03-12 00:00:00+05:30,1678.949951171875,1684.5999755859375,1642.5999755859375,1653.449951171875,340034,0.0,0.0,HYUNDAI,1663.0,-9.550048828125,-0.5742663155817799,562.2292006967773,1916.550048828125,1622.0
2025-03-13 00:00:00+05:30,1654.0,1676.4000244140625,1637.0,1644.449951171875,738740,0.0,0.0,HYUNDAI,1653.449951171875,-9.0,-0.5443164453584635,1214.820956928711,1916.550048828125,1622.0
2025-03-17 00:00:00+05:30,1644.949951171875,1649.699951171875,1592.0,1598.3499755859375,944360,0.0,0.0,HYUNDAI,1644.449951171875,-46.0999755859375,-2.803367506143044,1509.4177829443358,1916.550048828125,1598.3499755859375
2025-03-18 00:00:00+05:30,1598.3499755859375,1598.3499755859375,1598.3499755859375,1598.3499755859375,0,0.0,0.0,HYUNDAI,1598.3499755859375,0.0,0.0,0.0,1916.550048828125,1598.3499755859375
2025-03-19 00:00:00+05:30,1585.0,1626.4000244140625,1585.0,1615.300048828125,860058,0.0,0.0,HYUNDAI,1598.3499755859375,16.9500732421875,1.0604732068127816,1389.2517293950195,1916.550048828125,1598.3499755859375
2025-03-20 00:00:00+05:30,1648.0,1653.949951171875,1605.1500244140625,1630.550048828125,1180718,0.0,0.0,HYUNDAI,1615.300048828125,15.25,0.9440970432127233,1925.2197925522464,1916.550048828125,1598.3499755859375
2025-03-21 00:00:00+05:30,1630.550048828125,1708.4000244140625,1625.9000244140625,1697.5999755859375,1894623,0.0,0.0,HYUNDAI,1630.550048828125,67.0499267578125,4.112104795924616,3216.3119585445556,1916.550048828125,1598.3499755859375
2025-03-24 00:00:00+05:30,1701.5999755859375,1765.699951171875,1700.0,1759.0,1076346,0.0,0.0,HYUNDAI,1697.5999755859375,61.4000244140625,3.616872366699339,1893.292614,1916.550048828125,1598.3499755859375
2025-03-25 00:00:00+05:30,1770.25,1771.0,1708.0,1740.550048828125,531717,0.0,0.0,HYUNDAI,1759.0,-18.449951171875,-1.048888639674531,925.4800503127442,1916.550048828125,1598.3499755859375
2025-03-26 00:00:00+05:30,1748.0,1761.0,1686.699951171875,1708.699951171875,1019723,0.0,0.0,HYUNDAI,1740.550048828125,-31.85009765625,-1.8298869186607984,1742.400640308838,1916.550048828125,1598.3499755859375
2025-03-27 00:00:00+05:30,1691.0,1819.0,1680.050048828125,1758.1500244140625,3241595,0.0,0.0,HYUNDAI,1708.699951171875,49.4500732421875,2.8940173614608717,5699.210328390503,1916.550048828125,1598.3499755859375
2025-03-28 00:00:00+05:30,1735.0,1749.9000244140625,1701.0,1707.6500244140625,693170,0.0,0.0,HYUNDAI,1758.1500244140625,-50.5,-2.872337360222152,1183.6917674230956,1916.550048828125,1598.3499755859375
2025-04-01 00:00:00+05:30,1706.800048828125,1733.550048828125,1700.050048828125,1703.25,527047,0.0,0.0,HYUNDAI,1707.6500244140625,-4.4000244140625,-0.2576654672301637,897.69280275,1916.550048828125,1598.3499755859375
2025-04-02 00:00:00+05:30,1720.0,1722.3499755859375,1666.1500244140625,1680.4000244140625,649728,0.0,0.0,HYUNDAI,1703.25,-22.8499755859375,-1.341551480166593,1091.8029470625,1916.550048828125,1598.3499755859375
2025-04-03 00:00:00+05:30,1664.550048828125,1669.800048828125,1639.050048828125,1652.4000244140625,893654,0.0,0.0,HYUNDAI,1680.4000244140625,-28.0,-1.666269911520818,1476.6738914177247,1916.550048828125,1598.3499755859375
2025-04-04 00:00:00+05:30,1658.949951171875,1670.949951171875,1625.0,1639.0,699970,0.0,0.0,HYUNDAI,1652.4000244140625,-13.4000244140625,-0.8109431261243244,1147.25083,1916.550048828125,1598.3499755859375
2025-04-07 00:00:00+05:30,1567.550048828125,1590.0,1541.699951171875,1583.199951171875,1366060,0.0,0.0,HYUNDAI,1639.0,-55.800048828125,-3.404517927280354,2162.746125297851,1916.550048828125,1583.199951171875
2025-04-08 00:00:00+05:30,1592.0,1605.699951171875,1581.0999755859375,1592.1500244140625,374427,0.0,0.0,HYUNDAI,1583.199951171875,8.9500732421875,0.5653154066586922,596.1439571912841,1916.550048828125,1583.199951171875
2025-04-09 00:00:00+05:30,1592.1500244140625,1605.75,1582.550048828125,1592.550048828125,269169,0.0,0.0,HYUNDAI,1592.1500244140625,0.4000244140625,0.0251247940161741,428.6651040930176,1916.550048828125,1583.199951171875
2025-04-11 00:00:00+05:30,1625.0,1639.9000244140625,1600.5,1629.800048828125,997584,0.0,0.0,HYUNDAI,1592.550048828125,37.25,2.3390159717372994,1625.8624519101563,1916.550048828125,1583.199951171875
2025-04-15 00:00:00+05:30,1641.300048828125,1659.0,1640.0,1653.9000244140625,1173977,0.0,0.0,HYUNDAI,1629.800048828125,24.0999755859375,1.4787075017739817,1941.640588961548,1916.550048828125,1583.199951171875
2025-04-16 00:00:00+05:30,1653.9000244140625,1659.9000244140625,1631.300048828125,1636.300048828125,877329,0.0,0.0,HYUNDAI,1653.9000244140625,-17.5999755859375,-1.064149907862342,1435.57348553833,1916.550048828125,1583.199951171875
2025-04-17 00:00:00+05:30,1639.5,1699.9000244140625,1639.5,1661.699951171875,1440046,0.0,0.0,HYUNDAI,1636.300048828125,25.39990234375,1.5522765743324851,2392.924367885254,1916.550048828125,1583.199951171875
2025-04-21 00:00:00+05:30,1650.0,1698.5,1647.0999755859375,1690.199951171875,292970,0.0,0.0,HYUNDAI,1661.699951171875,28.5,1.7151110812695782,495.17787969482424,1916.550048828125,1583.199951171875
2025-04-22 00:00:00+05:30,1695.0,1709.0,1684.0,1703.699951171875,463480,0.0,0.0,HYUNDAI,1690.199951171875,13.5,0.7987220678026867,789.6308533691406,1916.550048828125,1583.199951171875
2025-04-23 00:00:00+05:30,1707.699951171875,1726.4000244140625,1682.0,1721.4000244140625,2346661,0.0,0.0,HYUNDAI,1703.699951171875,17.7000732421875,1.038919630772582,4039.542302691528,1916.550048828125,1583.199951171875
2025-04-24 00:00:00+05:30,1722.0,1730.300048828125,1713.0,1719.0999755859375,481511,0.0,0.0,HYUNDAI,1721.4000244140625,-2.300048828125,-0.1336150107763534,827.7655483443604,1916.550048828125,1583.199951171875
2025-04-25 00:00:00+05:30,1719.0,1723.0,1655.9000244140625,1667.699951171875,1690538,0.0,0.0,HYUNDAI,1719.0999755859375,-51.4000244140625,-2.9899380573572127,2819.310140054199,1916.550048828125,1583.199951171875
2025-04-28 00:00:00+05:30,1651.0,1667.699951171875,1635.800048828125,1661.300048828125,397009,0.0,0.0,HYUNDAI,1667.699951171875,-6.39990234375,-0.3837562230095921,659.5510710852051,1916.550048828125,1583.199951171875
2025-04-29 00:00:00+05:30,1662.0,1690.0,1662.0,1676.5999755859375,597827,0.0,0.0,HYUNDAI,1661.300048828125,15.2999267578125,0.920961073142989,1002.3167336046142,1916.550048828125,1583.199951171875
2025-04-30 00:00:00+05:30,1683.4000244140625,1715.4000244140625,1681.699951171875,1707.5999755859375,1236921,0.0,0.0,HYUNDAI,1676.5999755859375,31.0,1.8489801056549655,2112.166269401733,1916.550048828125,1583.199951171875
2025-05-02 00:00:00+05:30,1703.5,1714.300048828125,1690.0,1710.5999755859375,823350,0.0,0.0,HYUNDAI,1707.5999755859375,3.0,0.1756851746832916,1408.4224898986815,1916.550048828125,1583.199951171875
2025-05-05 00:00:00+05:30,1719.0,1733.4000244140625,1710.0999755859375,1728.199951171875,509733,0.0,0.0,HYUNDAI,1710.5999755859375,17.5999755859375,1.0288773434542418,880.9205457106933,1916.550048828125,1583.199951171875
2025-05-06 00:00:00+05:30,1728.0,1755.0,1711.4000244140625,1740.699951171875,518493,0.0,0.0,HYUNDAI,1728.199951171875,12.5,0.7232959352604932,902.540739782959,1916.550048828125,1583.199951171875
2025-05-07 00:00:00+05:30,1700.0,1780.0,1700.0,1775.5,578328,0.0,0.0,HYUNDAI,1740.699951171875,34.800048828125,1.9991985870222428,1026.821364,1916.550048828125,1583.199951171875
2025-05-08 00:00:00+05:30,1762.0,1784.4000244140625,1720.5,1733.0999755859375,321599,0.0,0.0,HYUNDAI,1775.5,-42.4000244140625,-2.3880610765453394,557.3632190484619,1916.550048828125,1583.199951171875
2025-05-09 00:00:00+05:30,1697.5,1742.0,1690.0,1734.0999755859375,560109,0.0,0.0,HYUNDAI,1733.0999755859375,1.0,0.0577000758229145,971.2850032254638,1916.550048828125,1583.199951171875
2025-05-12 00:00:00+05:30,1750.4000244140625,1770.199951171875,1742.300048828125,1755.9000244140625,410715,0.0,0.0,HYUNDAI,1734.0999755859375,21.800048828125,1.2571391001120884,721.1744785272217,1916.550048828125,1583.199951171875
2025-05-13 00:00:00+05:30,1770.0,1779.5999755859375,1751.0999755859375,1768.5,532232,0.0,0.0,HYUNDAI,1755.9000244140625,12.5999755859375,0.7175793274530005,941.252292,1916.550048828125,1583.199951171875
2025-05-14 00:00:00+05:30,1772.0,1808.5,1771.0999755859375,1799.9000244140625,677698,0.0,0.0,HYUNDAI,1768.5,31.4000244140625,1.775517354484733,1219.7886467453611,1916.550048828125,1583.199951171875
2025-05-15 00:00:00+05:30,1799.0999755859375,1839.0,1792.0,1836.0,637712,0.0,0.0,HYUNDAI,1799.9000244140625,36.0999755859375,2.0056655978817184,1170.839232,1916.550048828125,1583.199951171875
2025-05-16 00:00:00+05:30,1839.9000244140625,1874.0,1806.699951171875,1855.5999755859375,971924,0.0,0.0,HYUNDAI,1836.0,19.5999755859375,1.0675367966196896,1803.5021506713867,1916.550048828125,1583.199951171875
2025-05-19 00:00:00+05:30,1865.0,1908.0,1830.0,1894.5,1240164,0.0,0.0,HYUNDAI,1855.5999755859375,38.9000244140625,2.096358316763782,2349.490698,1916.550048828125,1583.199951171875
2025-05-20 00:00:00+05:30,1885.0,1902.699951171875,1868.199951171875,1883.300048828125,556842,0.0,0.0,HYUNDAI,1894.5,-11.199951171875,-0.591182431875165,1048.7005657895509,1916.550048828125,1583.199951171875
2025-05-21 00:00:00+05:30,1872.699951171875,1916.9000244140625,1869.5999755859375,1910.0,613356,0.0,0.0,HYUNDAI,1883.300048828125,26.699951171875,1.4177215780612826,1171.50996,1916.550048828125,1583.199951171875
2025-05-22 00:00:00+05:30,1890.0,1906.0999755859375,1847.0,1854.300048828125,985749,0.0,0.0,HYUNDAI,1910.0,-55.699951171875,-2.916227810045811,1827.8744188322753,1916.550048828125,1583.199951171875
2025-05-23 00:00:00+05:30,1860.0,1888.800048828125,1851.0999755859375,1882.0999755859375,685769,0.0,0.0,HYUNDAI,1854.300048828125,27.7999267578125,1.4992140444250872,1290.6858181575928,1916.550048828125,1583.199951171875
2025-05-26 00:00:00+05:30,1891.0,1912.5,1881.9000244140625,1889.300048828125,888713,0.0,0.0,HYUNDAI,1882.0999755859375,7.2000732421875,0.3825553018216243,1679.0455142941894,1916.550048828125,1583.199951171875
2025-05-27 00:00:00+05:30,1887.0,1891.199951171875,1853.4000244140625,1883.199951171875,740200,0.0,0.0,HYUNDAI,1889.300048828125,-6.10009765625,-0.3228760651350061,1393.944603857422,1916.550048828125,1583.199951171875
2025-05-28 00:00:00+05:30,1883.199951171875,1902.0,1873.4000244140625,1883.0,553816,0.0,0.0,HYUNDAI,1883.199951171875,-0.199951171875,-0.0106176283485231,1042.835528,1916.550048828125,1583.199951171875
2025-05-29 00:00:00+05:30,1887.699951171875,1899.9000244140625,1858.9000244140625,1870.300048828125,836458,0.0,0.0,HYUNDAI,1883.0,-12.699951171875,-0.6744530627655337,1564.427438242676,1916.550048828125,1583.199951171875
2025-05-30 00:00:00+05:30,1880.0,1888.0999755859375,1803.699951171875,1847.199951171875,2406721,0.0,0.0,HYUNDAI,1870.300048828125,-23.10009765625,-1.2351011630847062,4445.694913684326,1916.550048828125,1583.199951171875
2025-06-02 00:00:00+05:30,1847.199951171875,1868.5999755859375,1832.699951171875,1852.699951171875,852214,0.0,0.0,HYUNDAI,1847.199951171875,5.5,0.2977479507029418,1578.8968361879884,1916.550048828125,1583.199951171875
2025-06-03 00:00:00+05:30,1859.800048828125,1859.800048828125,1820.0999755859375,1830.0,968524,0.0,0.0,HYUNDAI,1852.699951171875,-22.699951171875,-1.2252362373905588,1772.39892,1916.550048828125,1583.199951171875
