Date,DAYOPEN,DAYHIGH,DAYLOW,LTP,VOLUME(QUANTITY MN),Dividends,Stock Splits,Symbol,PREVCLOSE,CHNG,%CHNG,TURNOVER(INR MN),52W HIGH,52W LOW,open,high,low,close,volume,aroon_up,aroon_down,aroon_indicator,bb_bbm,bb_bbh,bb_bbl,bb_bbw,bb_bbp,bb_bbhi,bb_bbli,coppock_curve,ema_9,ema_12,ema_21,ema_26,ema_50,ema_200,macd,macd_signal,macd_diff,psar,psar_up,psar_down,psar_up_indicator,psar_down_indicator,macd_buy,macd_sell,aroon_buy,aroon_sell,psar_buy,psar_sell,ema_buy,ema_sell
2024-11-14 00:00:00+05:30,473.1499938964844,489.3999938964844,418.6000061035156,430.7000122070313,56141395,0.0,0.0,SWIGGY,456.0,-25.29998779296875,-5.5482429370545505,24180.099511819764,456.0,430.7000122070313,473.1499938964844,489.3999938964844,418.6000061035156,430.7000122070313,56141395,,,,,,,,,0.0,0.0,,,,,,,,,,,430.7000122070313,,,0.0,0.0,0,0,0,0,0,0,0,0
2024-11-18 00:00:00+05:30,416.1000061035156,438.7000122070313,410.3999938964844,420.1000061035156,28579217,0.0,0.0,SWIGGY,430.7000122070313,-10.600006103515623,-2.4611111685830083,12006.129236133698,456.0,420.1000061035156,416.1000061035156,438.7000122070313,410.3999938964844,420.1000061035156,28579217,,,,,,,,,0.0,0.0,,,,,,,,,,,420.1000061035156,,,0.0,0.0,0,0,0,0,0,0,0,0
2024-11-19 00:00:00+05:30,424.0,430.8999938964844,408.8500061035156,412.4500122070313,12463968,0.0,0.0,SWIGGY,420.1000061035156,-7.649993896484375,-1.8209935218614024,5140.763753748047,456.0,412.4500122070313,424.0,430.8999938964844,408.8500061035156,412.4500122070313,12463968,,,,,,,,,0.0,0.0,,,,,,,,,,,489.3999938964844,,489.3999938964844,0.0,1.0,0,0,0,0,1,0,0,0
2024-11-21 00:00:00+05:30,409.0,423.7000122070313,402.0,416.8500061035156,11443031,0.0,0.0,SWIGGY,412.4500122070313,4.399993896484375,1.0667944638769409,4770.027542192718,456.0,412.4500122070313,409.0,423.7000122070313,402.0,416.8500061035156,11443031,,,,,,,,,0.0,0.0,,,,,,,,,,,487.788994140625,,487.788994140625,0.0,0.0,0,0,0,0,0,0,0,0
2024-11-22 00:00:00+05:30,414.2000122070313,419.75,410.0,416.6000061035156,3942312,0.0,0.0,SWIGGY,416.8500061035156,-0.25,-0.0599736107327579,1642.367203261963,456.0,412.4500122070313,414.2000122070313,419.75,410.0,416.6000061035156,3942312,,,,,,,,,0.0,0.0,,,,,,,,,,,484.357434375,,484.357434375,0.0,0.0,0,0,0,0,0,0,0,0
2024-11-25 00:00:00+05:30,418.7999877929687,441.3999938964844,417.2000122070313,430.7000122070313,11690777,0.0,0.0,SWIGGY,416.6000061035156,14.100006103515623,3.384542942136226,5035.217796609681,456.0,412.4500122070313,418.7999877929687,441.3999938964844,417.2000122070313,430.7000122070313,11690777,,,,,,,,,0.0,0.0,,,,,,,,,,,481.063137,,481.063137,0.0,0.0,0,0,0,0,0,0,0,0
2024-11-26 00:00:00+05:30,443.0,471.0,438.8999938964844,461.8999938964844,15942914,0.0,0.0,SWIGGY,430.7000122070313,31.199981689453125,7.244016903917743,7364.031879292175,461.8999938964844,412.4500122070313,443.0,471.0,438.8999938964844,461.8999938964844,15942914,,,,,,,,,0.0,0.0,,,,,,,,,,,477.90061152,,477.90061152,0.0,0.0,0,0,0,0,0,0,0,0
2024-11-27 00:00:00+05:30,468.0,508.0,465.5499877929687,499.0499877929687,40301929,0.0,0.0,SWIGGY,461.8999938964844,37.149993896484375,8.042865206187901,20112.67717548309,499.0499877929687,412.4500122070313,468.0,508.0,465.5499877929687,499.0499877929687,40301929,,,,,,,,,0.0,0.0,,,,,,,,,,,402.0,402.0,,1.0,0.0,0,0,0,0,0,1,0,0
2024-11-28 00:00:00+05:30,507.3999938964844,517.0,481.0499877929687,491.5,14951742,0.0,0.0,SWIGGY,499.0499877929687,-7.54998779296875,-1.5128720524287174,7348.781193,499.0499877929687,412.4500122070313,507.3999938964844,517.0,481.0499877929687,491.5,14951742,,,,,,,,,0.0,0.0,,454.32543493562514,,,,,,,,,404.12,404.12,,0.0,0.0,0,0,0,0,0,0,0,0
2024-11-29 00:00:00+05:30,489.9500122070313,493.5,454.6000061035156,470.75,16060894,0.0,0.0,SWIGGY,491.5,-20.75,-4.22177009155646,7560.6658505,499.0499877929687,412.4500122070313,489.9500122070313,493.5,454.6000061035156,470.75,16060894,,,,,,,,,0.0,0.0,,457.61034794850013,,,,,,,,,408.6352,408.6352,,0.0,0.0,0,0,0,0,0,0,0,0
2024-12-02 00:00:00+05:30,472.0,503.6499938964844,464.3500061035156,493.7000122070313,10286055,0.0,0.0,SWIGGY,470.75,22.95001220703125,4.875201743394849,5078.225479062195,499.0499877929687,412.4500122070313,472.0,503.6499938964844,464.3500061035156,493.7000122070313,10286055,,,,,,,,,0.0,0.0,,464.8282808002064,,,,,,,,,412.969792,412.969792,,0.0,0.0,0,0,0,0,0,0,0,0
2024-12-03 00:00:00+05:30,505.0,541.9500122070312,486.0499877929687,501.8500061035156,26879359,0.0,0.0,SWIGGY,493.7000122070313,8.149993896484375,1.6507988039236074,13489.406478208588,501.8500061035156,412.4500122070313,505.0,541.9500122070312,486.0499877929687,501.8500061035156,26879359,,,,,,,,,0.0,0.0,,472.23262586086827,465.233390937866,,,,,,,,417.13100032,417.13100032,,0.0,0.0,0,0,0,0,0,0,0,0
2024-12-04 00:00:00+05:30,510.0,534.7999877929688,509.8500061035156,517.7999877929688,19112635,0.0,0.0,SWIGGY,501.8500061035156,15.949981689453123,3.1782368228492466,9896.522169691469,517.7999877929688,412.4500122070313,510.0,534.7999877929688,509.8500061035156,517.7999877929688,19112635,,,,,,,,,0.0,0.0,,481.3460982472884,473.3205596848049,,,,,,,,424.6201410332219,424.6201410332219,,0.0,0.0,0,0,0,0,0,0,0,0
2024-12-05 00:00:00+05:30,519.7000122070312,576.7000122070312,511.0,540.0,47711029,0.0,0.0,SWIGGY,517.7999877929688,22.20001220703125,4.287372099341851,25763.95566,540.0,412.4500122070313,519.7000122070312,576.7000122070312,511.0,540.0,47711029,,,,,,,,,0.0,0.0,,493.0768785978307,483.57893511791184,,,,,,,,431.65993330365046,431.65993330365046,,0.0,0.0,0,0,0,0,0,0,0,0
2024-12-06 00:00:00+05:30,540.0,552.7999877929688,530.0499877929688,544.7000122070312,13655139,0.0,0.0,SWIGGY,540.0,4.70001220703125,0.8703726309317129,7437.954379988709,544.7000122070312,412.4500122070313,540.0,552.7999877929688,530.0499877929688,544.7000122070312,13655139,92.85714285714286,21.428571428571427,71.42857142857143,,,,,,0.0,0.0,,503.4015053196708,492.98217774700714,,,,,,,,443.2631396159209,443.2631396159209,,0.0,0.0,0,0,1,0,0,0,0,0
2024-12-09 00:00:00+05:30,545.6500244140625,547.75,528.5999755859375,536.8499755859375,9929104,0.0,0.0,SWIGGY,544.7000122070312,-7.85003662109375,-1.4411669625794103,5330.4392399902345,544.7000122070312,412.4500122070313,545.6500244140625,547.75,528.5999755859375,536.8499755859375,9929104,85.71428571428571,14.285714285714285,71.42857142857142,,,,,,0.0,0.0,,510.09119937292417,499.7310697222272,,,,,,,,453.93808942320976,453.93808942320976,,0.0,0.0,0,0,1,0,0,0,0,0
2024-12-10 00:00:00+05:30,560.0,567.9000244140625,540.0,543.75,11833298,0.0,0.0,SWIGGY,536.8499755859375,6.9000244140625,1.2852798226416169,6434.3557875,544.7000122070312,412.4500122070313,560.0,567.9000244140625,540.0,543.75,11833298,78.57142857142857,7.142857142857142,71.42857142857143,,,,,,0.0,0.0,,516.8229594983394,506.50321284188453,,,,,,,,463.7590432459155,463.7590432459155,,0.0,0.0,0,0,1,0,0,0,0,0
2024-12-11 00:00:00+05:30,527.0,530.8499755859375,516.5,522.5499877929688,14344375,0.0,0.0,SWIGGY,543.75,-21.20001220703125,-3.898852819683908,7495.652981147766,544.7000122070312,412.4500122070313,527.0,530.8499755859375,516.5,522.5499877929688,14344375,71.42857142857143,0.0,71.42857142857143,,,,,,0.0,0.0,,517.9683651572653,508.97194744974365,,,,,,,,472.7943207628048,472.7943207628048,,0.0,0.0,0,0,1,0,0,0,0,0
2024-12-12 00:00:00+05:30,522.0,524.8499755859375,501.0,504.2999877929687,8538402,0.0,0.0,SWIGGY,522.5499877929688,-18.25,-3.4924888386430397,4305.91602437146,544.7000122070312,412.4500122070313,522.0,524.8499755859375,501.0,504.2999877929687,8538402,64.28571428571429,0.0,64.28571428571429,,,,,,0.0,0.0,,515.234689684406,508.2531844256244,,,,,,,,481.1067760783429,481.1067760783429,,0.0,0.0,0,0,0,0,0,0,0,0
2024-12-13 00:00:00+05:30,506.2000122070313,536.7000122070312,504.2999877929687,532.3499755859375,15929277,0.0,0.0,SWIGGY,504.2999877929687,28.04998779296875,5.562163091799274,8479.950222051635,544.7000122070312,412.4500122070313,506.2000122070313,536.7000122070312,504.2999877929687,532.3499755859375,15929277,57.14285714285714,0.0,57.14285714285714,484.42249908447263,578.07521955136,390.7697786175853,38.66571872441307,0.7558787201403857,0.0,0.0,,518.6577468647123,511.96038306567254,,,,,,,,488.75423496863795,488.75423496863795,,0.0,0.0,0,0,0,0,0,0,0,0
2024-12-16 00:00:00+05:30,538.0,612.4000244140625,533.0,596.3499755859375,48167926,0.0,0.0,SWIGGY,532.3499755859375,64.0,12.022166419667366,28724.941494125243,596.3499755859375,412.4500122070313,538.0,612.4000244140625,533.0,596.3499755859375,48167926,100.0,0.0,100.0,492.7049972534179,594.806729986572,390.60326452026385,41.445381436080325,1.007557391819191,1.0,0.0,,534.1961926089574,524.9433972995595,503.16856371679495,,,,,,,495.7898971477094,495.7898971477094,,0.0,0.0,0,0,1,0,0,0,0,0
2024-12-17 00:00:00+05:30,590.0,613.4000244140625,580.7999877929688,586.4000244140625,39259581,0.0,0.0,SWIGGY,596.3499755859375,-9.949951171875,-1.6684751537213998,23021.819256885865,596.3499755859375,412.4500122070313,590.0,613.4000244140625,580.7999877929688,586.4000244140625,39259581,100.0,14.285714285714285,85.71428571428572,501.01999816894534,605.1817067818654,396.8582895560253,41.57986068164746,0.9098436334334802,0.0,0.0,,544.6369589699784,534.398263009483,510.7350601438193,,,,,,,504.2999877929687,504.2999877929687,,0.0,0.0,0,0,1,0,0,0,0,0
2024-12-18 00:00:00+05:30,589.0,605.25,572.0999755859375,577.3499755859375,20125575,0.0,0.0,SWIGGY,586.4000244140625,-9.050048828125,-1.54332340575325,11619.500234902956,596.3499755859375,412.4500122070313,589.0,605.25,572.0999755859375,577.3499755859375,20125575,92.85714285714286,7.142857142857142,85.71428571428572,509.26499633789064,610.1315724162735,408.3984202595078,39.612609075318886,0.8375002002404563,0.0,0.0,,551.1795622931703,541.0062187904759,516.7909615476482,,,,,,,517.3919921874999,517.3919921874999,,0.0,0.0,0,0,1,0,0,0,0,0
2024-12-19 00:00:00+05:30,570.0,598.0,568.25,582.2000122070312,19658494,0.0,0.0,SWIGGY,577.3499755859375,4.85003662109375,0.8400514118272152,11445.175446771853,596.3499755859375,412.4500122070313,570.0,598.0,568.25,582.2000122070312,19658494,85.71428571428571,0.0,85.71428571428571,517.5324966430665,613.7429802119286,421.3220130742042,37.18046081856651,0.8360731240773743,0.0,0.0,42.5072106119259,557.3836522759425,547.343725469946,522.7372388803194,,,,,,,528.9129560546875,528.9129560546875,,0.0,0.0,0,0,1,0,0,0,0,0
2024-12-20 00:00:00+05:30,588.0,608.7999877929688,586.4000244140625,597.4500122070312,20480867,0.0,0.0,SWIGGY,582.2000122070312,15.25,2.6193747303765216,12236.294239160585,597.4500122070312,412.4500122070313,588.0,608.7999877929688,586.4000244140625,597.4500122070312,20480867,78.57142857142857,0.0,78.57142857142857,526.5749969482422,616.9590565547785,436.1909373417059,34.329035799404004,0.8920769633900334,0.0,0.0,39.95867382271083,565.3969242621603,555.0523849679591,529.5293091827477,,,,,,,539.0514042578125,539.0514042578125,,0.0,0.0,0,0,1,0,0,0,0,0
2024-12-23 00:00:00+05:30,605.2999877929688,617.2999877929688,578.25,583.6500244140625,21999304,0.0,0.0,SWIGGY,597.4500122070312,-13.79998779296875,-2.3098146306818905,12839.894316692384,597.4500122070312,412.4500122070313,605.2999877929688,617.2999877929688,578.25,583.6500244140625,21999304,100.0,0.0,100.0,534.2224975585938,616.3714499611409,452.07354515604663,30.75458363433562,0.8008408836016767,0.0,0.0,36.63815550060012,569.0475442925407,559.4520218058212,534.4493742037763,523.5826248135902,,,35.86939699223103,,,547.9732386765625,547.9732386765625,,0.0,0.0,0,0,1,0,0,0,0,0
2024-12-24 00:00:00+05:30,589.0,594.0,561.0999755859375,568.0999755859375,11010976,0.0,0.0,SWIGGY,583.6500244140625,-15.550048828125,-2.6642762233645056,6255.335196777343,597.4500122070312,412.4500122070313,589.0,594.0,561.0999755859375,568.0999755859375,11010976,92.85714285714286,42.857142857142854,50.00000000000001,539.5324966430665,615.8154817448244,463.24951154130855,28.27743855148127,0.6872467294296581,0.0,0.0,32.38345986679724,568.85803055122,560.7824762335314,537.5085197839728,526.8802063522826,,,33.9022698812488,,,557.6789835528593,557.6789835528593,,0.0,0.0,0,0,0,0,0,0,0,0
2024-12-26 00:00:00+05:30,571.9000244140625,575.7999877929688,555.2000122070312,559.0499877929688,7705705,0.0,0.0,SWIGGY,568.0999755859375,-9.04998779296875,-1.5930273159463888,4307.874286186218,597.4500122070312,412.4500122070313,571.9000244140625,575.7999877929688,555.2000122070312,559.0499877929688,7705705,85.71428571428571,35.714285714285715,49.99999999999999,542.5324966430665,616.9066427130058,468.1583505731271,27.417397678528477,0.6110432322434312,0.0,0.0,29.16887802287358,566.8964219995698,560.5159395503679,539.4668350575179,529.2631531256667,,,31.252786424701185,,,617.2999877929688,,617.2999877929688,0.0,1.0,0,0,0,0,1,0,0,0
2024-12-27 00:00:00+05:30,563.0,564.0,541.25,545.9500122070312,5812587,0.0,0.0,SWIGGY,559.0499877929688,-13.0999755859375,-2.34325657311145,3173.381943604431,597.4500122070312,412.4500122070313,563.0,564.0,541.25,545.9500122070312,5812587,78.57142857142857,28.57142857142857,50.0,545.254997253418,615.8477610832914,474.66223342354454,25.893486235051988,0.5049227067755008,0.0,0.0,27.429294716020344,562.7071400410622,558.275027651393,540.0562147983827,530.4992167613233,,,27.775810890069693,,,616.05798828125,,616.05798828125,0.0,0.0,0,0,1,0,0,0,0,0
2024-12-30 00:00:00+05:30,548.0,568.0,542.0,550.6500244140625,7669754,0.0,0.0,SWIGGY,545.9500122070312,4.70001220703125,0.8608869130767497,4223.350227349853,597.4500122070312,412.4500122070313,548.0,568.0,542.0,550.6500244140625,7669754,71.42857142857143,21.428571428571427,50.0,549.2499984741211,611.0166602472254,487.4833367010167,22.49127426297649,0.5113331844376204,0.0,0.0,25.41420797636212,560.2957169156623,557.1019502302652,541.0192883998081,531.9918691800447,,,25.110081050220515,,,613.06566875,,613.06566875,0.0,0.0,0,0,1,0,0,0,0,0
2024-12-31 00:00:00+05:30,552.0,561.0,535.2000122070312,540.9000244140625,5400223,0.0,0.0,SWIGGY,550.6500244140625,-9.75,-1.7706346259359222,2920.9807525413817,597.4500122070312,412.4500122070313,552.0,561.0,535.2000122070312,540.9000244140625,5400223,64.28571428571429,14.285714285714285,50.00000000000001,551.6099990844726,608.0867758478078,495.1332223211375,20.477067804090467,0.405182490182734,0.0,0.0,19.94351900488131,556.4165784153424,554.6093462585417,541.0084462192858,532.6517325307126,,,21.957613727829084,,,610.193042,,610.193042,0.0,0.0,0,0,0,0,0,0,0,0
2025-01-01 00:00:00+05:30,544.25,554.4000244140625,538.2000122070312,542.3499755859375,4500187,0.0,0.0,SWIGGY,540.9000244140625,1.449951171875,0.268062692998707,2440.6763095821534,597.4500122070312,412.4500122070313,544.25,554.4000244140625,538.2000122070312,542.3499755859375,4500187,57.14285714285714,7.142857142857142,50.0,553.6349975585938,605.5499478623409,501.7200472548467,18.754215514799604,0.3913124070558749,0.0,0.0,15.788936248740402,553.6032578494614,552.7232892319872,541.130403434436,533.3701209051737,,,19.35316832681349,,,605.6934602124219,,605.6934602124219,0.0,0.0,0,0,0,0,0,0,0,0
2025-01-02 00:00:00+05:30,545.0999755859375,558.0,539.3499755859375,556.4500122070312,6483910,0.0,0.0,SWIGGY,542.3499755859375,14.10003662109375,2.5998040482735383,3607.971798649292,597.4500122070312,412.4500122070313,545.0999755859375,558.0,539.3499755859375,556.4500122070312,6483910,50.0,0.0,50.0,555.5674987792969,604.8115755569374,506.3234220016564,17.727486537942017,0.5089606048633958,0.0,0.0,13.061173466655026,554.1726087209754,553.2966312281478,542.5230951410355,535.0797424830891,,,18.216888745058668,,,601.4638533320984,,601.4638533320984,0.0,0.0,0,0,0,0,0,0,0,0
2025-01-03 00:00:00+05:30,557.0,558.8499755859375,540.0,541.4500122070312,6023536,0.0,0.0,SWIGGY,556.4500122070312,-15.0,-2.6956599282846527,3261.443640729492,597.4500122070312,412.4500122070313,557.0,558.8499755859375,540.0,541.4500122070312,6023536,42.857142857142854,0.0,42.857142857142854,555.6399993896484,604.7963759251812,506.4836228541156,17.693606144096687,0.3556648375784992,0.0,0.0,8.999085533712373,551.6280894181866,551.4740744556683,542.4255421470351,535.5516143144922,,,15.922460141176089,23.7805893630396,-7.858129221863511,597.4880228645944,,597.4880228645944,0.0,0.0,0,1,0,0,0,0,0,0
2025-01-06 00:00:00+05:30,544.4000244140625,546.5499877929688,520.2000122070312,532.0999755859375,7196227,0.0,0.0,SWIGGY,541.4500122070312,-9.35003662109375,-1.7268513085781645,3829.112211010865,597.4500122070312,412.4500122070313,544.4000244140625,546.5499877929688,520.2000122070312,532.0999755859375,7196227,35.714285714285715,100.0,-64.28571428571428,555.0099975585938,605.0265110826215,504.9934840345661,18.023644166426863,0.2709754203314228,0.0,0.0,3.895800716816384,547.7224666517368,548.4934438603251,541.4868542778444,535.2959373716363,,,13.19750648868876,21.66397278816943,-8.466466299480672,593.7507422251406,,593.7507422251406,0.0,0.0,0,1,0,0,0,0,0,0
2025-01-07 00:00:00+05:30,538.0,538.0,505.1499938964844,509.25,12034803,0.0,0.0,SWIGGY,532.0999755859375,-22.8499755859375,-4.29430119044369,6128.72342775,597.4500122070312,412.4500122070313,538.0,538.0,505.1499938964844,509.25,12034803,28.57142857142857,100.0,-71.42857142857143,553.6299987792969,606.986087787758,500.27390977083576,19.274999232738978,0.0841149566616551,0.0,0.0,-1.241171011590959,540.0279733213895,542.4559909587366,538.5562311616767,533.366608677441,,,9.08938228129557,19.14905468679466,-10.05967240549909,587.8666838236918,,587.8666838236918,0.0,0.0,0,1,0,1,0,0,0,0
2025-01-08 00:00:00+05:30,514.9000244140625,515.2000122070312,486.2000122070313,490.6000061035156,9326257,0.0,0.0,SWIGGY,509.25,-18.649993896484375,-3.662247205986131,4575.461741122956,597.4500122070312,412.4500122070313,514.9000244140625,515.2000122070312,486.2000122070313,490.6000061035156,9326257,21.428571428571427,100.0,-78.57142857142857,550.9724990844727,610.9196102403315,491.0253879286139,21.76047307459822,-0.0035479760149934,0.0,1.0,-5.89151959419626,530.1423798778147,534.4781471348565,534.1965743382075,530.1987121904835,,,4.279434944372952,16.17513073831032,-11.895695793937367,579.5950148309711,,579.5950148309711,0.0,0.0,0,1,0,1,0,0,0,0
2025-01-09 00:00:00+05:30,505.1499938964844,521.4000244140625,497.0499877929687,507.5,14972600,0.0,0.0,SWIGGY,490.6000061035156,16.899993896484375,3.4447602295623514,7598.5945,597.4500122070312,412.4500122070313,505.1499938964844,521.4000244140625,497.0499877929687,507.5,14972600,14.285714285714285,92.85714285714286,-78.57142857142858,550.2199996948242,611.927332486916,488.5126669027324,22.430058095422694,0.1538498930203392,0.0,0.0,-8.875453876479268,525.6139039022518,530.3276629602632,531.7696130347341,528.5173261022995,,,1.810336857963648,13.302171962240983,-11.491835104277335,568.3876145160983,,568.3876145160983,0.0,0.0,0,1,0,1,0,0,0,0
2025-01-10 00:00:00+05:30,504.0,505.8999938964844,488.5499877929687,492.2999877929687,5638811,0.0,0.0,SWIGGY,507.5,-15.20001220703125,-2.99507629695197,2775.9865864668577,597.4500122070312,412.4500122070313,504.0,505.8999938964844,488.5499877929687,492.2999877929687,5638811,7.142857142857142,85.71428571428571,-78.57142857142857,549.6199996948242,613.3033646926231,485.9366346970253,23.173598134405225,0.0499608735826329,0.0,0.0,-12.300176921015392,518.9511206803952,524.477251396064,528.1814652854827,525.8345603016083,,,-1.3573089055443006,10.370275788683928,-11.727584694228227,558.5251022390103,,558.5251022390103,0.0,0.0,0,1,0,1,0,0,0,0
2025-01-13 00:00:00+05:30,481.1499938964844,487.8999938964844,458.2999877929687,463.1000061035156,8311612,0.0,0.0,SWIGGY,492.2999877929687,-29.199981689453125,-5.93133910491439,3849.107567930054,597.4500122070312,412.4500122070313,481.1499938964844,487.8999938964844,458.2999877929687,463.1000061035156,8311612,0.0,100.0,-100.0,546.1575012207031,619.9484661579731,472.3665362834331,27.02186265769184,-0.0627890568160681,0.0,1.0,-17.05931813577185,507.78089776501935,515.0345982741335,522.2649689962129,521.1875562869349,,,-6.152958012801378,7.0656290283868675,-13.218587041188243,549.8460914351728,,549.8460914351728,0.0,0.0,0,1,0,1,0,0,0,0
2025-01-14 00:00:00+05:30,465.2000122070313,481.4500122070313,460.1000061035156,464.5499877929687,8019502,0.0,0.0,SWIGGY,463.1000061035156,1.449981689453125,0.3131033621988366,3725.459556205688,597.4500122070312,412.4500122070313,465.2000122070313,481.4500122070313,460.1000061035156,464.5499877929687,8019502,0.0,92.85714285714286,-92.85714285714286,539.5675018310546,617.666762336784,461.4682413253253,28.948837815730126,0.0197296776415526,0.0,0.0,-20.553863919184863,499.13471577060926,507.26773512318505,517.0181525231907,516.9921808429374,,,-9.72444571975234,3.7076140787590264,-13.432059798511364,537.0296369252642,,537.0296369252642,0.0,0.0,0,1,0,1,0,0,0,0
2025-01-15 00:00:00+05:30,474.0,494.3999938964844,470.0499877929687,487.2999877929687,11912348,0.0,0.0,SWIGGY,464.5499877929687,22.75,4.897212484728072,5804.887034985596,597.4500122070312,412.4500122070313,474.0,494.3999938964844,470.0499877929687,487.2999877929687,11912348,0.0,85.71428571428571,-85.71428571428571,534.6125,612.7726425881852,456.45235741181466,29.23992334192908,0.1973360677173135,0.0,0.0,-22.30163518344184,496.7677701750812,504.19577399545943,514.3165011840796,514.7927591355323,,,-10.596985140072832,0.8466942349926548,-11.443679375065486,526.0074860467428,,526.0074860467428,0.0,0.0,0,1,0,1,0,0,0,0
2025-01-16 00:00:00+05:30,505.0,514.7999877929688,479.0,483.0,10078943,0.0,0.0,SWIGGY,487.2999877929687,-4.29998779296875,-0.8824108148337604,4868.129469,597.4500122070312,412.4500122070313,505.0,514.7999877929688,479.0,483.0,10078943,7.142857142857142,78.57142857142857,-71.42857142857143,529.8950012207031,608.5554129780354,451.2345894633707,29.689055973777716,0.2019148503482645,0.0,0.0,-25.072346248939528,494.014216140065,500.93488568846567,511.4695465309814,512.4377399403077,,,-11.502854251841995,-1.6232154623742754,-9.87963878946772,516.5284362912143,,516.5284362912143,0.0,0.0,0,1,0,1,0,0,0,0
2025-01-17 00:00:00+05:30,483.5,489.5,467.2000122070313,473.1000061035156,6245233,0.0,0.0,SWIGGY,483.0,-9.899993896484377,-2.0496881773259576,2954.619770417877,597.4500122070312,412.4500122070313,483.5,489.5,467.2000122070313,473.1000061035156,6245233,0.0,71.42857142857143,-71.42857142857143,524.4400009155273,602.9664532977117,445.9135485333429,29.946782184844373,0.1731038188116378,0.0,0.0,-27.52770554376705,489.8313741327552,496.65259652155027,507.98140649212087,509.52383373017494,,,-12.871237208624676,-3.872819811624356,-8.99841739700032,514.7999877929688,,514.7999877929688,0.0,0.0,0,1,0,1,0,0,0,0
2025-01-20 00:00:00+05:30,475.7000122070313,483.75,464.4500122070313,479.2000122070313,6636117,0.0,0.0,SWIGGY,473.1000061035156,6.100006103515625,1.2893692717858318,3180.0273474072874,597.4500122070312,412.4500122070313,475.7000122070313,483.75,464.4500122070313,479.2000122070313,6636117,0.0,64.28571428571429,-64.28571428571429,518.5275009155273,591.8065024414988,445.24849938955583,28.26426810403997,0.2316592209941781,0.0,0.0,-27.880170654558288,487.70510174761046,493.9675835500858,505.3649161025672,507.2776247284606,,,-13.310041178374776,-5.76026408497444,-7.549777093400334,506.8899877929687,,506.8899877929687,0.0,0.0,0,1,0,0,0,0,0,0
2025-01-21 00:00:00+05:30,470.0,471.2999877929687,427.0499877929687,440.4500122070313,19799027,0.0,0.0,SWIGGY,479.2000122070313,-38.75,-8.086393783992358,8720.48168383734,597.4500122070312,412.4500122070313,470.0,471.2999877929687,427.0499877929687,440.4500122070313,19799027,14.285714285714285,100.0,-85.71428571428572,511.3675003051758,585.7703219245471,436.9646786858044,29.099550352718538,0.0234220520496998,0.0,0.0,-28.689521022726957,478.2540838394947,485.7341110357698,499.46356120297304,502.3274312083547,,,-16.59332017258498,-7.926875302496549,-8.666444870088434,500.08738779296874,,500.08738779296874,0.0,0.0,0,1,0,1,0,0,0,0
2025-01-22 00:00:00+05:30,441.0,445.4500122070313,413.6000061035156,433.7000122070313,17727617,0.0,0.0,SWIGGY,440.4500122070313,-6.75,-1.5325235129809005,7688.467709301574,597.4500122070312,412.4500122070313,441.0,445.4500122070313,413.6000061035156,433.7000122070313,17727617,7.142857142857142,100.0,-92.85714285714286,504.64750213623046,581.5752562602142,427.7197480122466,30.487718178863393,0.038869353868997,0.0,0.0,-29.282191453709288,469.3432695130021,477.7288650621177,493.4850567487965,497.24391868973817,,,-19.51505362762049,-10.244510967521338,-9.270542660099151,488.4014037929687,,488.4014037929687,0.0,0.0,0,1,0,1,0,0,0,0
2025-01-23 00:00:00+05:30,434.5,465.0,433.8999938964844,460.8999938964844,13375717,0.0,0.0,SWIGGY,433.7000122070313,27.199981689453125,6.271611926187572,6164.8678836611025,597.4500122070312,412.4500122070313,434.5,465.0,433.8999938964844,460.8999938964844,13375717,0.0,92.85714285714286,-92.85714285714286,499.74000244140626,574.6558749108123,424.82412997200026,29.981939449880144,0.2407758378520967,0.0,0.0,-29.02546751271194,467.6546143896985,475.1398079597126,490.5227783076773,494.5517761124601,,,-19.411968152747537,-12.078002404566575,-7.333965748180956,474.9371522088672,,474.9371522088672,0.0,0.0,0,1,0,1,0,0,0,0
2025-01-24 00:00:00+05:30,463.2000122070313,463.8999938964844,441.0,449.0499877929687,12225785,0.0,0.0,SWIGGY,460.8999938964844,-11.850006103515623,-2.571057986643643,5489.98860500946,597.4500122070312,412.4500122070313,463.2000122070313,463.8999938964844,441.0,449.0499877929687,12225785,0.0,85.71428571428571,-85.71428571428571,494.89500122070314,569.7636483104013,420.02635413100495,30.2563763646947,0.1938303601719374,0.0,0.0,-28.78401845855681,463.93368907035256,471.1259894725212,486.7525246245219,491.1812732739793,,,-20.05528380145807,-13.673458683944878,-6.381825117513197,413.6000061035156,413.6000061035156,,1.0,0.0,0,1,0,1,0,1,0,0
2025-01-27 00:00:00+05:30,442.0,443.4500122070313,405.3500061035156,410.0499877929687,12806362,0.0,0.0,SWIGGY,449.0499877929687,-39.0,-8.685001906286804,5251.248581772339,597.4500122070312,410.0499877929687,442.0,443.4500122070313,405.3500061035156,410.0499877929687,12806362,0.0,100.0,-100.0,487.86499938964846,566.7677328816848,408.96226589761216,32.34613411117783,0.0068928023606832,0.0,0.0,-28.81972193458489,453.1569488148758,461.7296815218209,479.7795667307443,485.171548423534,489.1510492663738,,-23.441866901713183,-15.62714032749854,-7.814726574214644,463.8999938964844,,463.8999938964844,0.0,1.0,0,1,0,1,1,0,0,1
2025-01-28 00:00:00+05:30,414.25,418.5499877929687,389.0499877929687,410.9500122070313,17253887,0.0,0.0,SWIGGY,410.0499877929687,0.9000244140625,0.219491389063744,7090.485073268738,597.4500122070312,410.0499877929687,414.25,418.5499877929687,389.0499877929687,410.9500122070313,17253887,7.142857142857142,100.0,-92.85714285714286,481.36749877929685,563.0829292106517,399.6520683479419,33.95137006074471,0.0691298069376275,0.0,0.0,-28.183000952665537,444.71556149330695,453.9174247041609,473.52233450131587,479.6736568519413,486.0843419307133,,-25.756232147780334,-17.6529586915549,-8.103273456225438,462.728994140625,,462.728994140625,0.0,0.0,0,1,0,1,0,0,0,1
2025-01-29 00:00:00+05:30,412.0,429.9500122070313,406.75,428.2000122070313,11860436,0.0,0.0,SWIGGY,410.9500122070313,17.25,4.197590823116871,5078.638839980713,597.4500122070312,410.0499877929687,412.0,429.9500122070313,406.75,428.2000122070313,11860436,0.0,92.85714285714286,-92.85714285714286,475.6600006103516,555.4640936092414,395.8559076114617,33.55509939725343,0.2026469030605957,0.0,0.0,-28.2536705228661,441.41245163605186,449.9608997046025,469.4021233836537,475.8607942856516,483.8143682160592,,-25.899894581049068,-19.302345869453735,-6.5975487115953335,459.78183388671874,,459.78183388671874,0.0,0.0,0,1,0,1,0,0,0,1
2025-01-30 00:00:00+05:30,428.0,428.5,402.5,404.75,10278807,0.0,0.0,SWIGGY,428.2000122070313,-23.45001220703125,-5.476415585829867,4160.34713325,597.4500122070312,404.75,428.0,428.5,402.5,404.75,10278807,28.57142857142857,85.71428571428571,-57.14285714285714,468.075,544.487072114902,391.66292788509793,32.64949938146753,0.0856348463841082,0.0,0.0,-29.478738012041447,434.0799613088415,443.0053766731252,463.5246576215033,470.59332804227,480.7138047566059,,-27.587951369144776,-20.959466969391944,-6.628484399752832,456.95256004296874,,456.95256004296874,0.0,0.0,0,1,0,1,0,0,0,1
2025-01-31 00:00:00+05:30,410.8999938964844,420.4500122070313,408.3999938964844,416.1000061035156,5141139,0.0,0.0,SWIGGY,404.75,11.350006103515623,2.804201631504787,2139.227969279022,597.4500122070312,404.75,410.8999938964844,420.4500122070313,408.3999938964844,416.1000061035156,5141139,21.428571428571427,78.57142857142857,-57.14285714285714,461.80749969482423,533.5374100490342,390.0775893406143,31.06485295349736,0.1813916721378841,0.0,0.0,-28.972506279755628,430.4839702677764,438.8660888931853,459.2133256653226,466.55678567643633,478.1799302996219,,-27.69069678325104,-22.305712932163765,-5.384983851087277,454.23645715296874,,454.23645715296874,0.0,0.0,0,1,0,1,0,0,0,1
2025-02-01 00:00:00+05:30,418.5,458.2000122070313,407.5,435.4500122070313,15070283,0.0,0.0,SWIGGY,416.1000061035156,19.350006103515625,4.65032583986596,6562.354916313416,597.4500122070312,404.75,418.5,458.2000122070313,407.5,435.4500122070313,15070283,14.285714285714285,71.42857142857143,-57.142857142857146,456.9750015258789,521.801731207121,392.1482718446368,28.372112025725706,0.3339806016384939,0.0,0.0,-28.104350893151583,431.47717865562737,438.340538633777,457.0530244418416,464.2525802342582,476.5042472371674,,-25.91204160048119,-23.02697866582725,-2.885062934653938,389.0499877929687,389.0499877929687,,1.0,0.0,0,1,0,1,0,1,0,1
2025-02-03 00:00:00+05:30,431.0,463.0,421.0,458.3999938964844,17169683,0.0,0.0,SWIGGY,435.4500122070313,22.949981689453125,5.270405568054443,7870.582582404571,597.4500122070312,404.75,431.0,463.0,421.0,458.3999938964844,17169683,7.142857142857142,64.28571428571429,-57.14285714285715,454.4325012207031,514.6862868072946,394.17871563411165,26.518255373344495,0.532923181814689,0.0,0.0,-25.53019182393,436.8617417037988,441.4266086741935,457.1754762104454,463.819055320349,475.79427651792497,,-22.392446646155463,-22.900072261892895,0.5076256157374317,390.43298828124995,390.43298828124995,,0.0,0.0,1,0,0,0,0,0,0,1
2025-02-04 00:00:00+05:30,458.0,458.0,428.4500122070313,434.0499877929687,10441964,0.0,0.0,SWIGGY,458.3999938964844,-24.350006103515625,-5.311956026992079,4532.334346734619,597.4500122070312,404.75,458.0,458.0,428.4500122070313,434.0499877929687,10441964,0.0,57.14285714285714,-57.14285714285714,451.6050003051758,510.0858631633998,393.1241374469518,25.899121054330692,0.3499080583440948,0.0,0.0,-22.999453739599115,436.2993909216328,440.29174392323586,455.07315908158387,461.6139392072097,474.15724558753453,,-21.322195283973823,-22.58449686630908,1.2623015823352546,393.33566875,393.33566875,,0.0,0.0,1,0,0,0,0,0,0,1
2025-02-05 00:00:00+05:30,426.0,430.5,414.2999877929687,418.0499877929687,15784590,0.0,0.0,SWIGGY,434.0499877929687,-16.0,-3.6862113696525687,6598.747656817017,597.4500122070312,404.75,426.0,430.5,414.2999877929687,418.0499877929687,15784590,0.0,50.0,-50.0,447.1324996948242,501.3573634435329,392.9076359461156,24.25449448909129,0.2318341634141208,0.0,0.0,-22.430851248992955,432.6495102959,436.86993528781016,451.7074162371643,458.38697984319185,471.9569609681398,,-21.517044555381688,-22.371006404123605,0.8539618487419176,396.122242,396.122242,,0.0,0.0,1,0,0,0,0,0,0,1
2025-02-06 00:00:00+05:30,391.0,410.8999938964844,385.25,388.7000122070313,41230291,0.0,0.0,SWIGGY,418.0499877929687,-29.3499755859375,-7.0206856698851325,16026.214614999451,597.4500122070312,388.7000122070313,391.0,410.8999938964844,385.25,388.7000122070313,41230291,0.0,100.0,-100.0,441.95250091552737,497.7006580306729,386.2043438003818,25.22812157399737,0.0223834162041875,0.0,0.0,-23.17339436022714,423.8596106781263,429.4591778907673,445.9794704162431,453.22498224051327,468.6919825853512,,-23.76580434974602,-22.649965993248088,-1.1158383564979315,463.0,,463.0,0.0,1.0,0,1,0,1,1,0,0,1
2025-02-07 00:00:00+05:30,395.0,397.25,375.0,380.6499938964844,23290096,0.0,0.0,SWIGGY,388.7000122070313,-8.050018310546875,-2.0710105628345685,8865.374900248535,597.4500122070312,380.6499938964844,395.0,397.25,375.0,380.6499938964844,23290096,0.0,100.0,-100.0,437.83000030517576,498.6743349209337,376.98566568941783,27.79358864095575,0.0301123204831426,0.0,0.0,-22.435620469711452,415.21768732179794,421.9500726608776,440.04042709626503,447.8490571779926,465.2393555779447,,-25.898984517115025,-23.29976969802148,-2.5992148190935467,461.445,,461.445,0.0,0.0,0,1,0,1,0,0,0,1
2025-02-10 00:00:00+05:30,378.0,378.25,359.0,362.1000061035156,31887879,0.0,0.0,SWIGGY,380.6499938964844,-18.54998779296875,-4.8732400079883655,11546.601180528169,597.4500122070312,362.1000061035156,378.0,378.25,359.0,362.1000061035156,31887879,7.142857142857142,100.0,-92.85714285714286,432.70750122070314,500.5402950997684,364.8747073416379,31.35272380890252,-0.0204525059300158,0.0,1.0,-22.50627191025795,404.5941510781415,412.7423701135912,432.9549342787424,441.49727561692026,461.1946752063985,,-28.7549055033291,-24.390796859083004,-4.364108644246095,457.9872,,457.9872,0.0,0.0,0,1,0,1,0,0,0,1
2025-02-11 00:00:00+05:30,370.0,370.2000122070313,330.0,333.3500061035156,28185478,0.0,0.0,SWIGGY,362.1000061035156,-28.75,-7.9397955027322125,9395.629263330506,597.4500122070312,333.3500061035156,370.0,370.2000122070313,330.0,333.3500061035156,28185478,0.0,100.0,-100.0,425.01000213623047,500.789922999093,349.23008127336794,35.660299984456564,-0.1047775914057114,0.0,1.0,-24.816952443109415,390.3453220832164,400.5281602658872,423.8999408082672,433.48636676407546,456.1811587709913,,-32.95820649818825,-26.104278786904057,-6.853927711284193,452.047968,,452.047968,0.0,0.0,0,1,0,1,0,0,0,1
2025-02-12 00:00:00+05:30,336.3999938964844,352.95001220703125,326.20001220703125,341.3999938964844,36471242,0.0,0.0,SWIGGY,333.3500061035156,8.04998779296875,2.4148755498954384,12451.281796197203,597.4500122070312,333.3500061035156,336.3999938964844,352.95001220703125,326.20001220703125,341.3999938964844,36471242,0.0,100.0,-100.0,417.9300018310547,497.0984899675515,338.76151369455795,37.88600377557966,0.0166637020867276,0.0,0.0,-25.768910970621512,380.55625644587,391.4315192859791,416.3999456344688,426.66515395906873,451.6799366190499,,-35.233634673089625,-27.93014996414117,-7.303484708948456,442.28413056,,442.28413056,0.0,0.0,0,1,0,1,0,0,0,1
2025-02-13 00:00:00+05:30,348.0,369.0,343.04998779296875,365.5,22899285,0.0,0.0,SWIGGY,341.3999938964844,24.100006103515625,7.059170045217683,8369.6886675,597.4500122070312,333.3500061035156,348.0,369.0,343.04998779296875,365.5,22899285,42.857142857142854,92.85714285714286,-50.00000000000001,412.5500015258789,490.6070770847291,334.4929259670286,37.84126785608741,0.1986179587883352,0.0,0.0,-25.425105363142244,377.5450051566961,387.44205478044387,411.7726778495171,422.13440181395254,448.30033126144014,,-34.69234703350867,-29.28258937801467,-5.409757655493998,430.67571872470313,,430.67571872470313,0.0,0.0,0,1,0,0,0,0,0,1
2025-02-14 00:00:00+05:30,364.0,364.0,325.29998779296875,340.75,27954447,0.0,0.0,SWIGGY,365.5,-24.75,-6.771545827633379,9525.47781525,597.4500122070312,333.3500061035156,364.0,364.0,325.29998779296875,340.75,27954447,35.714285714285715,100.0,-64.28571428571428,405.6275009155273,483.3695503164949,327.8854515145598,38.33174487701091,0.0827386760740584,0.0,0.0,-27.52197866738832,370.1860041253569,380.25866173729867,405.31607077228824,416.1059276055116,444.0826712119719,,-35.84726586821296,-30.59552467605433,-5.2517411921586294,420.22814807293594,,420.22814807293594,0.0,0.0,0,1,0,0,0,0,0,1
2025-02-17 00:00:00+05:30,337.5,354.79998779296875,333.5,338.25,16573200,0.0,0.0,SWIGGY,340.75,-2.5,-0.7336757153338225,5605.8849,597.4500122070312,333.3500061035156,337.5,354.79998779296875,333.5,338.25,16573200,28.57142857142857,92.85714285714286,-64.28571428571429,400.51750030517576,481.78743255263305,319.24756805771847,40.582462531866085,0.1169093625205776,0.0,0.0,-30.82768578090986,363.7988033002855,373.7957907007912,399.21915524753473,410.3388218569552,439.9323703801299,,-36.543031156164034,-31.785025972076273,-4.758005184087761,408.83676883933987,,408.83676883933987,0.0,0.0,0,1,0,1,0,0,0,1
2025-02-18 00:00:00+05:30,338.25,349.8500061035156,328.3999938964844,347.8999938964844,13628374,0.0,0.0,SWIGGY,338.25,9.649993896484377,2.852917633846083,4741.311231419007,597.4500122070312,333.3500061035156,338.25,349.8500061035156,328.3999938964844,347.8999938964844,13628374,21.428571428571427,85.71428571428571,-64.28571428571428,396.2274993896484,479.0809243821964,313.37407439710046,41.82113816944859,0.2083554150144623,0.0,0.0,-33.484050853644725,360.6190414195253,369.8118219616671,394.55377694289376,405.713723489513,436.3232575768497,,-35.901901527845894,-32.6084010832302,-3.2935004446156952,398.8123551137753,,398.8123551137753,0.0,0.0,0,1,0,1,0,0,0,1
2025-02-19 00:00:00+05:30,340.0,383.5,339.54998779296875,377.3999938964844,27576813,0.0,0.0,SWIGGY,347.8999938964844,29.5,8.479448266037497,10407.489057884492,597.4500122070312,333.3500061035156,340.0,383.5,339.54998779296875,377.3999938964844,27576813,14.285714285714285,78.57142857142857,-64.28571428571428,392.05249938964846,469.7014286576522,314.40357012164475,39.61149559759899,0.4056490177566308,0.0,0.0,-34.19481388095757,363.9752319149171,370.9792330285621,392.9943421204929,403.61641018632565,434.0125413540903,,-32.637177157763574,-32.614156298136876,-0.0230208596266976,389.9908710352786,,389.9908710352786,0.0,0.0,0,1,0,1,0,0,0,1
2025-02-20 00:00:00+05:30,370.5,386.75,367.75,373.6000061035156,15403371,0.0,0.0,SWIGGY,377.3999938964844,-3.79998779296875,-1.0068860239597763,5754.699499614716,597.4500122070312,333.3500061035156,370.5,386.75,367.75,373.6000061035156,15403371,7.142857142857142,71.42857142857143,-64.28571428571429,388.2800003051758,461.7019682979753,314.8580323123763,37.819083102447806,0.4000299596770557,0.0,0.0,-33.223389076004125,365.9001867526368,371.3824288862472,391.231220664404,401.39297284685824,431.643422324656,,-30.010543960611017,-32.09343383063171,2.0828898700206935,325.29998779296875,325.29998779296875,,1.0,0.0,1,0,0,1,0,1,0,1
2025-02-21 00:00:00+05:30,371.7000122070313,374.7999877929687,354.0,360.5499877929687,16859588,0.0,0.0,SWIGGY,373.6000061035156,-13.050018310546877,-3.493045529268816,6078.724247594482,597.4500122070312,333.3500061035156,371.7000122070313,374.7999877929687,354.0,360.5499877929687,16859588,0.0,64.28571428571429,-64.28571428571429,385.8050003051758,459.4615487695002,312.1484518408513,38.1833042112266,0.3285623407643154,0.0,0.0,-33.201279037239075,364.8301469607033,369.7158994872813,388.4420176760917,398.3675665465701,428.855444499884,,-28.6516670592888,-31.40508047636313,2.7534134170743307,326.5289880371094,326.5289880371094,,0.0,0.0,1,0,0,0,0,0,0,1
2025-02-24 00:00:00+05:30,354.0,368.0,348.3500061035156,364.6499938964844,12371636,0.0,0.0,SWIGGY,360.5499877929687,4.100006103515625,1.1371533053191747,4511.316991889526,597.4500122070312,333.3500061035156,354.0,368.0,348.3500061035156,364.6499938964844,12371636,0.0,57.14285714285714,-57.14285714285714,383.48999938964846,456.74914727742606,310.23085150187086,38.20654932560157,0.3714153383136244,0.0,0.0,-32.40022668535641,364.7941163478595,368.93652939638946,386.27910642340015,395.8699685724897,426.3375836919075,,-26.93343917610025,-30.510752216310554,3.577313040210303,327.7334082763672,327.7334082763672,,0.0,0.0,1,0,0,0,0,0,0,1
2025-02-25 00:00:00+05:30,363.0499877929687,364.6499938964844,350.3999938964844,355.1000061035156,9161306,0.0,0.0,SWIGGY,364.6499938964844,-9.54998779296875,-2.618946374007007,3253.1798165161745,597.4500122070312,333.3500061035156,363.0499877929687,364.6499938964844,350.3999938964844,355.1000061035156,9161306,0.0,50.0,-50.0,379.83499908447266,451.0731064066858,308.59689176225953,37.510028035289224,0.3263921241683221,0.0,0.0,-29.44362476267973,362.8552942989907,366.8078335051781,383.4446427579561,392.8499713525657,423.5439531982451,,-26.042137847387608,-29.617029342525967,3.5748914951383597,328.91374011083985,328.91374011083985,,0.0,0.0,1,0,0,0,0,0,0,1
2025-02-27 00:00:00+05:30,360.0,360.0,341.0,344.45001220703125,6110777,0.0,0.0,SWIGGY,355.1000061035156,-10.649993896484377,-2.999153397192503,2104.8572122444457,597.4500122070312,333.3500061035156,360.0,360.0,341.0,344.45001220703125,6110777,0.0,42.857142857142854,-42.857142857142854,376.8199996948242,448.6863691224781,304.95363026717035,38.143606754342336,0.2747904357379633,0.0,0.0,-25.824677686802545,359.17423788059887,363.36816869007856,379.8996763442357,389.2647891936372,420.4422300221191,,-25.896620503558665,-28.872947574732507,2.9763270711738414,330.07046530862306,330.07046530862306,,0.0,0.0,1,0,0,0,0,0,0,1
2025-02-28 00:00:00+05:30,340.0,354.5,331.04998779296875,334.6499938964844,11985216,0.0,0.0,SWIGGY,344.45001220703125,-9.800018310546877,-2.845120616415187,4010.852461248047,597.4500122070312,333.3500061035156,340.0,354.5,331.04998779296875,334.6499938964844,11985216,0.0,35.714285714285715,-35.714285714285715,372.7474990844727,444.47972410879345,301.0152740601519,38.488373604387185,0.2344463720798332,0.0,0.0,-25.17466520399701,354.269389083776,358.94998795260256,375.7860688489856,385.2192488012555,417.0778286054275,,-26.269260848653005,-28.352210229516608,2.082949380863603,386.75,,386.75,0.0,1.0,1,0,0,0,1,0,0,1
2025-03-03 00:00:00+05:30,342.25,342.25,317.0,326.29998779296875,13176398,0.0,0.0,SWIGGY,334.6499938964844,-8.350006103515625,-2.4951460498452875,4299.458506555298,597.4500122070312,326.29998779296875,342.25,342.25,317.0,326.29998779296875,13176398,57.14285714285714,100.0,-42.85714285714286,367.28999786376954,435.6385754590775,298.94142026846157,37.21777232858867,0.2001399918407761,0.0,0.0,-23.71674645637095,348.67550882561454,353.9269110049666,371.28733420752945,380.854859096938,413.5179132794488,,-26.927948091971416,-28.06735780200757,1.1394097100361549,385.63599975585936,,385.63599975585936,0.0,0.0,1,0,0,0,0,0,0,1
2025-03-04 00:00:00+05:30,324.0,352.0,322.1499938964844,350.04998779296875,18340203,0.0,0.0,SWIGGY,326.29998779296875,23.75,7.278578268004391,6419.987836270569,597.4500122070312,326.29998779296875,324.0,352.0,322.1499938964844,350.04998779296875,18340203,50.0,92.85714285714286,-42.85714285714286,361.87249755859375,416.21739736628047,307.52759775090703,30.035385487612132,0.3912270534359069,0.0,0.0,-18.610017099216662,348.9504046190854,353.33046128004383,369.3566663516603,378.57301677812546,411.02897502507705,,-25.24255549808163,-27.502397341222384,2.259841843140755,382.89055976562497,,382.89055976562497,0.0,0.0,1,0,0,0,0,0,0,1
2025-03-05 00:00:00+05:30,346.3500061035156,360.0,343.5,358.5,10126052,0.0,0.0,SWIGGY,350.04998779296875,8.45001220703125,2.413944436995344,3630.189642,597.4500122070312,326.29998779296875,346.3500061035156,360.0,343.5,358.5,10126052,42.857142857142854,85.71428571428571,-42.857142857142854,358.0949981689453,401.18382336994387,315.0061729679468,24.065583390622898,0.504699615609911,0.0,0.0,-13.695339184015936,350.86032369526833,354.1257749292679,368.3696966833275,377.0861266464125,408.9690152201721,,-22.96035171714459,-26.593988216406824,3.6336364992622343,380.254937375,,380.254937375,0.0,0.0,1,0,0,0,0,0,0,1
2025-03-06 00:00:00+05:30,360.0,377.2999877929687,359.04998779296875,362.5499877929687,12135517,0.0,0.0,SWIGGY,358.5,4.04998779296875,1.129703707941074,4399.7315402113645,597.4500122070312,326.29998779296875,360.0,377.2999877929687,359.04998779296875,362.5499877929687,12135517,35.714285714285715,78.57142857142857,-42.857142857142854,355.3199981689453,388.65006848913646,321.9899278487541,18.760593544945134,0.608460461597699,0.0,0.0,-11.119738783263454,353.1982565148084,355.42180767752956,367.84063223874944,376.0093756202315,407.148661203419,,-20.587567942701924,-25.392704161665847,4.8051362189639235,377.72473988,,377.72473988,0.0,0.0,1,0,0,0,0,0,0,1
2025-03-07 00:00:00+05:30,360.0,368.75,353.54998779296875,360.9500122070313,9381165,0.0,0.0,SWIGGY,362.5499877929687,-1.5999755859375,-0.4413117197099875,3386.1316212661745,597.4500122070312,326.29998779296875,360.0,368.75,353.54998779296875,360.9500122070313,9381165,28.57142857142857,71.42857142857143,-42.85714285714286,353.9324981689453,383.7097933235783,324.1552030143123,16.826539133131078,0.6178333022130481,0.0,0.0,-8.47916565278684,354.74860765325303,356.2723006820683,367.21421223586594,374.8938672192537,405.3369494780705,,-18.6215665371854,-24.03847663676976,5.416910099584356,377.2999877929687,,377.2999877929687,0.0,0.0,1,0,0,1,0,0,0,1
2025-03-10 00:00:00+05:30,368.7999877929687,368.7999877929687,354.25,359.6499938964844,6193973,0.0,0.0,SWIGGY,360.9500122070313,-1.300018310546875,-0.3601657477715278,2227.662351644989,597.4500122070312,326.29998779296875,368.7999877929687,368.7999877929687,354.25,359.6499938964844,6193973,21.428571428571427,64.28571428571429,-42.85714285714286,352.8824981689453,380.1964203079352,325.5685760299554,15.480462919367072,0.6238836314517912,0.0,0.0,-5.361083741063107,355.72888490189933,356.7919457919785,366.52655602319487,373.76469141756706,403.5453041611456,,-16.972745625588573,-22.625330434533524,5.652584808944951,374.88798828124993,,374.88798828124993,0.0,0.0,1,0,0,0,0,0,0,1
2025-03-11 00:00:00+05:30,354.0,354.75,347.29998779296875,352.8500061035156,3699313,0.0,0.0,SWIGGY,359.6499938964844,-6.79998779296875,-1.89072373373262,1305.3026146288148,597.4500122070312,326.29998779296875,354.0,354.75,347.29998779296875,352.8500061035156,3699313,14.285714285714285,57.14285714285714,-42.857142857142854,352.4199981689453,379.40522446514103,325.4347718727496,15.314242345157366,0.5079674694933156,0.0,0.0,-3.4131355471903833,355.1531091422226,356.185493532215,365.283233303224,372.2154554683781,401.5572532569248,,-16.02996193616309,-21.30625673485944,5.276294798696348,372.5724687499999,,372.5724687499999,0.0,0.0,1,0,0,0,0,0,0,1
2025-03-12 00:00:00+05:30,355.95001220703125,360.6000061035156,346.45001220703125,348.79998779296875,7809856,0.0,0.0,SWIGGY,352.8500061035156,-4.050018310546875,-1.1478016835739322,2724.077677464844,597.4500122070312,326.29998779296875,355.95001220703125,360.6000061035156,346.45001220703125,348.79998779296875,7809856,7.142857142857142,50.0,-42.85714285714286,353.19249725341797,378.7992032982058,327.58579120863016,14.500141562415372,0.4142312671382561,0.0,0.0,-2.9064988042616027,353.88248487237183,355.04926188002327,363.78475643865534,370.4809763813107,399.4883408857893,,-15.431714501287445,-20.13134828814504,4.699633786857596,370.3495699999999,,370.3495699999999,0.0,0.0,1,0,0,0,0,0,0,1
2025-03-13 00:00:00+05:30,353.0,357.8500061035156,343.70001220703125,353.20001220703125,4894809,0.0,0.0,SWIGGY,348.79998779296875,4.4000244140625,1.2614749335009,1728.8465985510863,597.4500122070312,326.29998779296875,353.0,357.8500061035156,343.70001220703125,353.20001220703125,4894809,0.0,42.857142857142854,-42.857142857142854,353.7824981689453,378.8124477164999,328.75254862139076,14.149908306431689,0.4883642202153183,0.0,0.0,-2.700616536384153,353.7459903393037,354.76476193033216,362.8225069630531,369.20090496099374,397.67311231015174,,-14.436143030661585,-18.99230723664835,4.556164205986768,368.2155871999999,,368.2155871999999,0.0,0.0,1,0,0,0,0,0,0,1
2025-03-17 00:00:00+05:30,356.0,359.29998779296875,349.20001220703125,354.70001220703125,6949570,0.0,0.0,SWIGGY,353.20001220703125,1.5,0.4246885470436399,2465.012563833618,597.4500122070312,326.29998779296875,356.0,359.29998779296875,349.20001220703125,354.70001220703125,6949570,57.14285714285714,35.714285714285715,21.428571428571423,353.24249877929685,377.69736278545537,328.78763477313834,13.845935350739166,0.529800072234451,0.0,0.0,-1.1591176171674435,353.93679471284923,354.7548004344397,362.0840983488693,368.1267647569965,395.98789269826466,,-13.371964322556837,-17.868238653830048,4.496274331273213,366.1669637119999,,366.1669637119999,0.0,0.0,1,0,0,0,0,0,0,1
2025-03-18 00:00:00+05:30,354.70001220703125,354.70001220703125,354.70001220703125,354.70001220703125,0,0.0,0.0,SWIGGY,354.70001220703125,0.0,0.0,0.0,597.4500122070312,326.29998779296875,354.70001220703125,354.70001220703125,354.70001220703125,354.70001220703125,0,50.0,28.57142857142857,21.42857142857143,353.93999938964845,377.71617883635946,330.16381994293744,13.435146910613,0.5159826522820077,0.0,0.0,1.2283338749269916,354.08943821168566,354.74637147637685,361.4128177905203,367.13219049403614,394.368760129981,,-12.385819017659289,-16.771754726595898,4.385935708936611,364.20028516351994,,364.20028516351994,0.0,0.0,1,0,0,0,0,0,0,1
2025-03-19 00:00:00+05:30,357.8500061035156,369.7000122070313,352.1000061035156,360.6000061035156,7872167,0.0,0.0,SWIGGY,354.70001220703125,5.899993896484375,1.6633757241149083,2838.7034682478943,597.4500122070312,326.29998779296875,357.8500061035156,369.7000122070313,352.1000061035156,360.6000061035156,7872167,42.857142857142854,21.428571428571427,21.428571428571427,355.05749969482423,377.8598549036672,332.25514448598125,12.8443168942731,0.6215336389142372,0.0,0.0,1.660498915513615,355.39155179005166,355.6469306497828,361.3389258189745,366.6483249836272,393.04449526619806,,-11.001394333844416,-15.6176826480456,4.616288314201185,317.0,317.0,,1.0,0.0,1,0,0,0,0,1,0,1
2025-03-20 00:00:00+05:30,364.0,366.0,348.1499938964844,354.3500061035156,6777598,0.0,0.0,SWIGGY,360.6000061035156,-6.25,-1.733222377762757,2401.6418926671754,597.4500122070312,326.29998779296875,364.0,366.0,348.1499938964844,354.3500061035156,6777598,35.714285714285715,14.285714285714285,21.42857142857143,355.38000030517577,377.949570706077,332.81042990427454,12.701654781653463,0.4771817942618213,0.0,0.0,0.9712050235447668,355.18324265274447,355.4474037965109,360.7035694812055,365.7373383999153,391.5270643186419,,-10.289934603404332,-14.552133039117347,4.262198435713016,318.05400024414064,318.05400024414064,,0.0,0.0,1,0,0,0,0,0,0,1
2025-03-21 00:00:00+05:30,354.3999938964844,358.3999938964844,348.20001220703125,350.6499938964844,4553941,0.0,0.0,SWIGGY,354.3500061035156,-3.70001220703125,-1.0441688001411722,1596.83938385495,597.4500122070312,326.29998779296875,354.3999938964844,358.3999938964844,348.20001220703125,350.6499938964844,4553941,28.57142857142857,7.142857142857142,21.428571428571427,354.0425003051758,374.28425051740385,333.80075009294774,11.434644255862034,0.4162002699094171,0.0,0.0,0.8899622395210995,354.27659290149245,354.70934073496835,359.7896080644126,364.61975732558705,389.92404194914553,,-9.910416590618697,-13.623789749417618,3.713373158798923,319.08692048339844,319.08692048339844,,0.0,0.0,1,0,0,0,0,0,0,1
2025-03-24 00:00:00+05:30,353.1000061035156,357.25,350.6000061035156,351.45001220703125,3218583,0.0,0.0,SWIGGY,350.6499938964844,0.800018310546875,0.2281529515106876,1131.1710346393434,597.4500122070312,326.29998779296875,353.1000061035156,357.25,350.6000061035156,351.45001220703125,3218583,21.428571428571427,0.0,21.428571428571427,352.93500061035155,371.0917410021585,334.7782602185446,10.288999595057131,0.4591064152685031,0.0,0.0,1.1976283533200869,353.7112767626002,354.2079055768242,359.03146298646885,363.6442206501385,388.4152564690626,,-9.43631507331429,-12.786294814196951,3.349979740882663,320.0991823178711,320.0991823178711,,0.0,0.0,1,0,0,0,0,0,0,1
2025-03-25 00:00:00+05:30,354.5,356.3999938964844,331.75,337.5,5518715,0.0,0.0,SWIGGY,351.45001220703125,-13.95001220703125,-3.9692735019208407,1862.5663125,597.4500122070312,326.29998779296875,354.5,356.3999938964844,331.75,337.5,5518715,14.285714285714285,0.0,14.285714285714285,351.7825012207031,370.76682225393847,332.7981801874678,10.793215107265876,0.1238342894723722,0.0,0.0,-0.0698399477228639,350.4690214100802,351.6374585650051,357.07405726042623,361.7076117130912,386.4185797447857,,-10.070153148086092,-12.24306648097478,2.1729133328886885,321.09119891565433,321.09119891565433,,0.0,0.0,1,0,0,0,0,0,0,1
2025-03-26 00:00:00+05:30,330.70001220703125,336.0,321.20001220703125,323.8500061035156,7488889,0.0,0.0,SWIGGY,337.5,-13.649993896484377,-4.04444263599537,2425.2767483585512,597.4500122070312,323.8500061035156,330.70001220703125,336.0,321.20001220703125,323.8500061035156,7488889,7.142857142857142,100.0,-92.85714285714286,349.7425018310547,371.345474732856,328.1395289292534,12.353644632093792,-0.0992808454011462,0.0,1.0,-1.9604993642517456,345.1452183487673,347.3624658786221,354.05368897343436,358.9033446309004,383.9649101902261,,-11.540878752278276,-12.10262893523548,0.5617501829572049,369.7000122070313,,369.7000122070313,0.0,1.0,1,0,0,1,1,0,0,1
2025-03-27 00:00:00+05:30,323.8500061035156,341.0,312.6499938964844,335.75,19591307,0.0,0.0,SWIGGY,323.8500061035156,11.899993896484377,3.674538728487982,6577.78132525,597.4500122070312,323.8500061035156,323.8500061035156,341.0,312.6499938964844,335.75,19591307,0.0,100.0,-100.0,348.7750015258789,371.0541770475724,326.4958260041854,12.775672238103567,0.2076866351450864,0.0,0.0,-1.991852432282475,343.26617467901383,345.5759326665264,352.3897172485767,357.18828206564854,382.0741293984525,,-11.612349399122138,-12.004573028012812,0.3922236288906742,368.7300122070313,,368.7300122070313,0.0,0.0,1,0,0,1,0,0,0,1
2025-03-28 00:00:00+05:30,335.0,342.20001220703125,326.54998779296875,330.20001220703125,10683126,0.0,0.0,SWIGGY,335.75,-5.54998779296875,-1.6530120008842144,3527.568335609253,597.4500122070312,323.8500061035156,335.0,342.20001220703125,326.54998779296875,330.20001220703125,10683126,50.0,92.85714285714286,-42.85714285714286,348.06250152587893,371.71828255386146,324.4067204978964,13.592835151317608,0.1224498084058594,0.0,0.0,-2.777482897761191,340.65294218461736,343.2104064419887,350.3724713357089,355.18915096501024,380.0398502929066,,-11.978744523021533,-11.999407327014556,0.0206628039930247,366.4868114746094,,366.4868114746094,0.0,0.0,1,0,0,0,0,0,0,1
2025-04-01 00:00:00+05:30,328.70001220703125,339.29998779296875,325.5,331.8999938964844,5731994,0.0,0.0,SWIGGY,330.20001220703125,1.699981689453125,0.5148339268949688,1902.448773614685,597.4500122070312,323.8500061035156,328.70001220703125,339.29998779296875,325.5,331.8999938964844,5731994,42.857142857142854,85.71428571428571,-42.857142857142854,347.9250015258789,371.92055547731314,323.9294475744446,13.79352092904968,0.1660838157387764,0.0,0.0,-4.28744904183989,338.9023525269908,341.4703429734496,348.69315520487027,353.4640282191935,378.15201278716455,,-11.993685245743904,-11.998262910760428,0.004577665016523,364.3333387714844,,364.3333387714844,0.0,0.0,1,0,0,0,0,0,0,1
2025-04-02 00:00:00+05:30,330.0,351.3999938964844,328.79998779296875,344.6000061035156,10629913,0.0,0.0,SWIGGY,331.8999938964844,12.70001220703125,3.8264574994214167,3663.06808467984,597.4500122070312,323.8500061035156,330.0,351.3999938964844,328.79998779296875,344.6000061035156,10629913,35.714285714285715,78.57142857142857,-42.857142857142854,348.8400024414062,370.7744634071233,326.9055414756892,12.575656927075803,0.4033485175560594,0.0,0.0,-5.132277363305708,340.0418832422958,341.9518296088444,348.32105074111075,352.8074339884025,376.8362478191783,,-10.855604379558145,-11.769731204519973,0.9141268249618264,362.2660049764844,,362.2660049764844,0.0,0.0,1,0,0,0,0,0,0,1
2025-04-03 00:00:00+05:30,341.0,349.5,338.1499938964844,345.1499938964844,3395256,0.0,0.0,SWIGGY,344.6000061035156,0.54998779296875,0.1596017943202059,1171.872587677002,597.4500122070312,323.8500061035156,341.0,349.5,338.1499938964844,345.1499938964844,3395256,28.57142857142857,71.42857142857143,-42.85714285714286,348.59500274658205,370.57933576254663,326.6106697306175,12.613108531533667,0.421648547454317,0.0,0.0,-6.71223024822695,341.0635053731335,342.4438548838659,348.0327728461447,352.240216203816,375.5936496261315,,-9.796361319950051,-11.375057227605987,1.578695907655936,360.2813645332844,,360.2813645332844,0.0,0.0,1,0,0,1,0,0,0,1
2025-04-04 00:00:00+05:30,342.0,346.6000061035156,335.1000061035156,337.3500061035156,3339600,0.0,0.0,SWIGGY,345.1499938964844,-7.79998779296875,-2.2598835088805136,1126.6140803833007,597.4500122070312,323.8500061035156,342.0,346.6000061035156,335.1000061035156,337.3500061035156,3339600,21.428571428571427,64.28571428571429,-42.85714285714286,347.5375030517578,369.5489971291958,325.52600897431984,12.667118733462198,0.2685868820989192,0.0,0.0,-8.215998030383863,340.32080551920996,341.6601858407351,347.06161223317844,351.1372376778678,374.0938988997544,,-9.477051837132706,-10.995456149511332,1.5184043123786264,358.37610970781236,,358.37610970781236,0.0,0.0,1,0,0,0,0,0,0,1
2025-04-07 00:00:00+05:30,310.0,327.45001220703125,306.95001220703125,321.70001220703125,6536264,0.0,0.0,SWIGGY,337.3500061035156,-15.649993896484377,-4.639096965565841,2102.716208588379,597.4500122070312,321.70001220703125,310.0,327.45001220703125,306.95001220703125,321.70001220703125,6536264,14.285714285714285,100.0,-85.71428571428572,345.49500427246096,369.0801460671719,321.90986247775004,13.652956773934385,-0.004448781197615,0.0,1.0,-10.32691026432928,336.5966468567742,338.5893898970883,344.7560122308014,348.9567024578058,372.0392366765104,,-10.367312560717494,-10.869827431752563,0.5025148710350713,356.5470650753592,,356.5470650753592,0.0,0.0,1,0,0,1,0,0,0,1
2025-04-08 00:00:00+05:30,329.0,334.6000061035156,322.54998779296875,333.29998779296875,6086723,0.0,0.0,SWIGGY,321.70001220703125,11.5999755859375,3.6058362280919942,2028.704701599182,597.4500122070312,321.70001220703125,329.0,334.6000061035156,322.54998779296875,333.29998779296875,6086723,7.142857142857142,92.85714285714286,-85.71428571428572,344.1125030517578,367.1469534752241,321.0780526282915,13.38774396116708,0.2652968692542836,0.0,0.0,-11.889633124187284,335.93731504401313,337.7756357272238,343.7145554637257,347.796945815966,370.5200504457833,,-10.021310088742212,-10.700123963150496,0.6788138744082843,353.57124190325953,,353.57124190325953,0.0,0.0,1,0,0,1,0,0,0,1
2025-04-09 00:00:00+05:30,331.0,345.0,329.3999938964844,339.75,8437070,0.0,0.0,SWIGGY,333.29998779296875,6.45001220703125,1.9351972527036856,2866.4945325,597.4500122070312,321.70001220703125,331.0,345.0,329.3999938964844,339.75,8437070,0.0,85.71428571428571,-85.71428571428571,343.1175033569336,365.0754033240446,321.15960338982256,12.799055572672987,0.4233190933108927,0.0,0.0,-11.7925484829822,336.69985203521054,338.0793840768817,343.3541413306597,347.20087575552407,369.3133818008506,,-9.121491678642371,-10.384397506248872,1.2629058276065006,350.77396812148584,,350.77396812148584,0.0,0.0,1,0,0,1,0,0,0,1
2025-04-11 00:00:00+05:30,347.0,347.1000061035156,331.3500061035156,333.0,6373180,0.0,0.0,SWIGGY,339.75,-6.75,-1.9867549668874176,2122.26894,597.4500122070312,321.70001220703125,347.0,347.1000061035156,331.3500061035156,333.0,6373180,0.0,78.57142857142857,-78.57142857142857,342.1250030517578,364.02791601865846,320.22209008485714,12.804041079445522,0.2916943041880465,0.0,0.0,-10.566454709024232,335.95988162816843,337.29794037274604,342.41285575514513,346.14895903289266,367.8893276125819,,-8.851018660146622,-10.077721737028424,1.226703076881801,348.1445307666186,,348.1445307666186,0.0,0.0,1,0,0,1,0,0,0,1
2025-04-15 00:00:00+05:30,338.0,342.79998779296875,332.79998779296875,334.0,2904801,0.0,0.0,SWIGGY,333.0,1.0,0.3003003003003003,970.203534,597.4500122070312,321.70001220703125,338.0,342.79998779296875,332.79998779296875,334.0,2904801,0.0,71.42857142857143,-71.42857142857143,341.3850036621094,363.3358407921152,319.43416653210363,12.859871930245603,0.3317830974196778,0.0,0.0,-9.50403705367297,335.56790530253477,336.79056493078514,341.64805068649554,345.2490361415673,366.5603343728729,,-8.458471210782136,-9.753871631779166,1.29540042099703,347.1000061035156,,347.1000061035156,0.0,0.0,1,0,0,1,0,0,0,1
2025-04-16 00:00:00+05:30,334.5,340.6000061035156,334.25,336.25,5653384,0.0,0.0,SWIGGY,334.0,2.25,0.6736526946107785,1900.95037,597.4500122070312,321.70001220703125,334.5,340.6000061035156,334.25,336.25,5653384,0.0,64.28571428571429,-64.28571428571429,340.5375030517578,361.8991740703957,319.17583203311995,12.545855200794817,0.3996449517451838,0.0,0.0,-8.536464587926428,335.70432424202784,336.70740109527975,341.15731880590505,344.5824408718216,365.3716938092308,,-7.875039776541826,-9.3781052607317,1.5030654841898734,344.6910064697266,,344.6910064697266,0.0,0.0,1,0,0,0,0,0,0,1
2025-04-17 00:00:00+05:30,337.0,350.70001220703125,329.45001220703125,340.79998779296875,10107653,0.0,0.0,SWIGGY,336.25,4.54998779296875,1.353156220957249,3444.688019015564,597.4500122070312,321.70001220703125,337.0,350.70001220703125,329.45001220703125,340.79998779296875,10107653,0.0,57.14285714285714,-57.14285714285714,339.8425018310547,360.19655126733716,319.4884523947722,11.978519064929117,0.5235207732228283,0.0,0.0,-6.743028605708278,336.72345695221605,337.33702981800116,341.1248341683654,344.3022591622769,364.4080974948676,,-6.96522934427577,-8.895530077440513,1.930300733164744,306.95001220703125,306.95001220703125,,1.0,0.0,1,0,0,0,0,1,0,1
2025-04-21 00:00:00+05:30,342.45001220703125,347.3999938964844,341.6499938964844,343.8500061035156,3326600,0.0,0.0,SWIGGY,340.79998779296875,3.050018310546875,0.8949584565125391,1143.851430303955,597.4500122070312,321.70001220703125,342.45001220703125,347.3999938964844,341.6499938964844,343.8500061035156,3326600,28.57142857142857,50.0,-21.42857142857143,339.3000015258789,358.59178727304277,320.008215778715,11.371521167348108,0.6179259566032047,0.0,0.0,-5.246851939709335,338.148766782476,338.33902616961876,341.37257707156084,344.268758935702,363.6018978324617,,-5.929732766083248,-8.30237061516906,2.3726378490858124,307.82501220703125,307.82501220703125,,0.0,0.0,1,0,0,0,0,0,0,1
2025-04-22 00:00:00+05:30,343.8500061035156,345.6499938964844,338.54998779296875,343.3500061035156,7967985,0.0,0.0,SWIGGY,343.8500061035156,-0.5,-0.1454122411297778,2735.807698382721,597.4500122070312,321.70001220703125,343.8500061035156,345.6499938964844,338.54998779296875,343.3500061035156,7967985,21.428571428571427,42.857142857142854,-21.428571428571427,338.43750152587893,355.2226092326761,321.65239381908174,9.91917717813178,0.6463352116485782,0.0,0.0,-4.6828803564110055,339.189014646684,339.10994615944907,341.5523433471931,344.20070317035487,362.8077059999539,,-5.090757010905804,-7.66004789431641,2.5692908834106056,308.68251220703127,308.68251220703127,,0.0,0.0,1,0,0,0,0,0,0,1
2025-04-23 00:00:00+05:30,344.79998779296875,349.45001220703125,339.45001220703125,348.04998779296875,4461816,0.0,0.0,SWIGGY,343.3500061035156,4.699981689453125,1.3688602318055998,1552.9350043344728,597.4500122070312,321.70001220703125,344.79998779296875,349.45001220703125,339.45001220703125,348.04998779296875,4461816,14.285714285714285,35.714285714285715,-21.42857142857143,338.12250061035155,353.9079799024727,322.3370213182304,9.337136253060027,0.8144499764277738,0.0,0.0,-2.964765256676265,340.9612092759409,340.48533717999055,342.14303829680904,344.4858353646226,362.2289719526213,,-4.000498184632022,-6.928137952379533,2.927639767747511,309.52286220703127,309.52286220703127,,0.0,0.0,1,0,0,0,0,0,0,1
2025-04-24 00:00:00+05:30,344.25,351.45001220703125,339.29998779296875,340.6000061035156,5934561,0.0,0.0,SWIGGY,348.04998779296875,-7.449981689453125,-2.1404918691979993,2021.3115128216857,597.4500122070312,321.70001220703125,344.25,351.45001220703125,339.29998779296875,340.6000061035156,5934561,100.0,28.57142857142857,71.42857142857143,337.6200012207031,352.3852077218838,322.85479471952243,8.746642051889939,0.6009130784108652,0.0,0.0,-0.7545297677557136,340.8889686414559,340.50297855284055,342.0027626428733,344.1979961600961,361.38077721344064,,-3.695017607255579,-6.281513883354743,2.586496276099163,310.34640520703124,310.34640520703124,,0.0,0.0,1,0,1,0,0,0,0,1
2025-04-25 00:00:00+05:30,342.1000061035156,343.3500061035156,320.0,321.3999938964844,6237853,0.0,0.0,SWIGGY,340.6000061035156,-19.20001220703125,-5.637114463584583,2004.845916127167,597.4500122070312,321.3999938964844,342.1000061035156,343.3500061035156,320.0,321.3999938964844,6237853,92.85714285714286,21.428571428571427,71.42857142857143,336.1175003051758,351.06223763177394,321.1727629785776,8.892567220111525,0.0076023724251858,0.0,0.0,-0.338977493436457,336.9911736924616,337.56405783647807,340.1297836659288,342.50925525168043,359.8129033578737,,-4.945197415202358,-6.014250589724266,1.0690531745219083,311.9905494870312,311.9905494870312,,0.0,0.0,1,0,1,0,0,0,0,1
2025-04-28 00:00:00+05:30,322.1000061035156,328.70001220703125,319.70001220703125,323.75,4572731,0.0,0.0,SWIGGY,321.3999938964844,2.350006103515625,0.7311780174683228,1480.42166125,597.4500122070312,321.3999938964844,322.1000061035156,328.70001220703125,319.70001220703125,323.75,4572731,85.71428571428571,14.285714285714285,71.42857142857142,335.4300003051758,351.2938995874923,319.56610102285924,9.458843435520668,0.1318685558538732,0.0,0.0,-0.3344158853713704,334.3429389539693,335.4388181693276,338.64071242357164,341.119680788593,358.3986718536434,,-5.680862619265383,-5.94757299563249,0.266710376367107,313.56892799583125,313.56892799583125,,0.0,0.0,1,0,1,0,0,0,0,1
2025-04-29 00:00:00+05:30,327.3999938964844,328.3500061035156,318.5,319.8500061035156,2140615,0.0,0.0,SWIGGY,323.75,-3.899993896484375,-1.2046313193774132,684.6757208152771,597.4500122070312,319.8500061035156,327.3999938964844,328.3500061035156,318.5,319.8500061035156,2140615,78.57142857142857,7.142857142857142,71.42857142857143,335.2300003051758,351.75970965416735,318.70029095618423,9.861712456488847,0.034777234222861,0.0,0.0,-0.7030444314127049,331.44435238387854,333.0405393899719,336.9324663944756,339.5441493304391,356.8869594712855,,-6.503609940467186,-6.05878038459943,-0.4448295558677557,315.08417136427926,315.08417136427926,,0.0,0.0,0,1,1,0,0,0,0,1
2025-04-30 00:00:00+05:30,326.8500061035156,326.8500061035156,309.1499938964844,316.3999938964844,8197937,0.0,0.0,SWIGGY,319.8500061035156,-3.45001220703125,-1.0786344040008224,2593.8272167637633,597.4500122070312,316.3999938964844,326.8500061035156,326.8500061035156,309.1499938964844,316.3999938964844,8197937,71.42857142857143,0.0,71.42857142857143,334.2625,352.7109907820078,315.8140092179922,11.038325137882838,0.0158816427158281,0.0,0.0,-1.2048776656671976,328.4354806863997,330.4804554678969,335.06587798556734,337.8297674464425,355.29923533109724,,-7.349311978545586,-6.316886703388661,-1.0324252751569247,351.45001220703125,,351.45001220703125,0.0,1.0,0,1,1,0,1,0,0,1
2025-05-02 00:00:00+05:30,314.0,317.8999938964844,303.0,304.0,6157429,0.0,0.0,SWIGGY,316.3999938964844,-12.399993896484377,-3.919087906348457,1871.858416,597.4500122070312,304.0,314.0,317.8999938964844,303.0,304.0,6157429,64.28571428571429,100.0,-35.71428571428571,332.95249938964844,355.6096268680764,310.29537191122046,13.609825737882655,-0.1389269649741417,0.0,1.0,-2.5645665800516126,323.5483845491198,326.4065392420666,332.24170725960664,335.323858746706,353.2875006122307,,-8.917319504639408,-6.836973263638812,-2.080346241000597,350.6040118408203,,350.6040118408203,0.0,0.0,0,1,0,0,0,0,0,1
2025-05-05 00:00:00+05:30,310.0,356.6499938964844,304.20001220703125,343.95001220703125,44623517,0.0,0.0,SWIGGY,304.0,39.95001220703125,13.14145138389186,15348.259216870669,597.4500122070312,304.0,310.0,356.6499938964844,304.20001220703125,343.95001220703125,44623517,100.0,92.85714285714286,7.142857142857139,333.5550003051758,356.7036698183889,310.40633079196266,13.87997151416346,0.7245272000605059,0.0,0.0,-2.6307434961045573,327.62871008070215,329.1055350828304,333.3060986184634,335.96283307710047,352.9213245963405,,-6.857297994270084,-6.841038209765067,-0.0162597845050171,303.0,303.0,,1.0,0.0,0,1,0,0,0,1,0,1
2025-05-06 00:00:00+05:30,337.0,344.8999938964844,332.6000061035156,342.5,18751451,0.0,0.0,SWIGGY,343.95001220703125,-1.45001220703125,-0.4215764371476326,6422.3719675,597.4500122070312,304.0,337.0,344.8999938964844,332.6000061035156,342.5,18751451,92.85714285714286,85.71428571428571,7.142857142857153,333.45,356.4156476779259,310.4843523220741,13.774567508127705,0.6970334154498651,0.0,0.0,-3.2731936543934923,330.6029680645617,331.1662219931642,334.14190783496673,336.4470676639819,352.5126452004056,,-5.280845670817712,-6.5289997019755965,1.2481540311578847,303.0,303.0,,0.0,0.0,1,0,0,0,0,0,0,1
2025-05-07 00:00:00+05:30,322.04998779296875,338.75,322.04998779296875,328.79998779296875,12816563,0.0,0.0,SWIGGY,342.5,-13.70001220703125,-4.000003564096715,4214.085757947815,597.4500122070312,304.0,322.04998779296875,338.75,322.04998779296875,328.79998779296875,12816563,85.71428571428571,78.57142857142857,7.142857142857139,332.6324996948242,355.0310330740508,310.2339663155976,13.467435322631594,0.4144472578412229,0.0,0.0,-4.05665916056276,330.2423720102431,330.8021859623649,333.65627874023966,335.8806173031661,351.5827370667806,,-5.078431340801217,-6.238886029740721,1.1604546889395042,304.0729998779297,304.0729998779297,,0.0,0.0,1,0,0,0,0,0,0,1
2025-05-08 00:00:00+05:30,332.8999938964844,335.3500061035156,311.54998779296875,315.20001220703125,7026155,0.0,0.0,SWIGGY,328.79998779296875,-13.5999755859375,-4.136245769723331,2214.6441417684937,597.4500122070312,304.0,332.8999938964844,335.3500061035156,311.54998779296875,315.20001220703125,7026155,78.57142857142857,71.42857142857143,7.142857142857139,331.525,355.0434061089051,308.00659389109484,14.188013639336486,0.1529316715305093,0.0,0.0,-6.1271459944889965,327.2339000496008,328.4018515384674,331.9784363281298,334.34872062937836,350.1559635428689,,-5.94686909091098,-6.180482641974773,0.2336135510637937,305.1245397583008,305.1245397583008,,0.0,0.0,1,0,0,0,0,0,0,1
2025-05-09 00:00:00+05:30,306.0,314.6000061035156,303.6000061035156,313.1000061035156,7752428,0.0,0.0,SWIGGY,315.20001220703125,-2.100006103515625,-0.6662455654146004,2427.2852541170655,597.4500122070312,304.0,306.0,314.6000061035156,303.6000061035156,313.1000061035156,7752428,71.42857142857143,64.28571428571429,7.142857142857139,331.0949996948242,355.6096040735263,306.58039531612206,14.808199701776015,0.1329740159514401,0.0,0.0,-8.302571122054767,324.40712126038375,326.0477214715517,330.26221539861945,332.7747417756108,348.70278874132566,,-6.727020304059067,-6.289790174391633,-0.4372301296674346,356.6499938964844,,356.6499938964844,0.0,1.0,0,1,0,0,1,0,0,1
2025-05-12 00:00:00+05:30,319.3999938964844,325.0,306.25,320.29998779296875,22530437,0.0,0.0,SWIGGY,313.1000061035156,7.199981689453125,2.2995789042152563,7216.498696070252,597.4500122070312,304.0,319.3999938964844,325.0,306.25,320.29998779296875,22530437,64.28571428571429,57.14285714285714,7.142857142857153,330.4449996948242,355.3771052965164,305.51289409313205,15.090018384129106,0.2965472298262904,0.0,0.0,-8.900900172689528,323.58569456690077,325.16345475176973,329.35655834356027,331.85068592504473,347.58895341001755,,-6.687231173274995,-6.369278374168306,-0.3179527991066893,355.588994140625,,355.588994140625,0.0,0.0,0,1,0,0,0,0,0,1
2025-05-13 00:00:00+05:30,305.0,315.70001220703125,297.0,310.54998779296875,99269069,0.0,0.0,SWIGGY,320.29998779296875,-9.75,-3.0440213461082224,30828.008166169373,597.4500122070312,304.0,305.0,315.70001220703125,297.0,310.54998779296875,99269069,57.14285714285714,100.0,-42.85714285714286,328.98499908447263,354.96439815727945,303.0056000116658,15.793667884617529,0.1451994282115593,0.0,0.0,-9.28723146855603,320.9785532121144,322.91522906580036,327.6468701116883,330.27285643377985,346.13644495444703,,-7.3576273679794895,-6.566948172930543,-0.7906791950489467,354.5492143798828,,354.5492143798828,0.0,0.0,0,1,0,0,0,0,0,1
2025-05-14 00:00:00+05:30,313.20001220703125,313.3999938964844,306.0,307.29998779296875,23571274,0.0,0.0,SWIGGY,310.54998779296875,-3.25,-1.046530390516919,7243.452212464722,597.4500122070312,304.0,313.20001220703125,313.3999938964844,306.0,307.29998779296875,23571274,50.0,92.85714285714286,-42.85714285714286,327.6999984741211,355.2526420202844,300.14735492795785,16.815772764392694,0.1297993938953076,0.0,0.0,-9.86167510434395,318.24284012828525,320.5128842545955,325.79715353725925,328.57116246038646,344.61344663438905,,-8.058278205790941,-6.8652141795026225,-1.1930640262883188,352.2472458046875,,352.2472458046875,0.0,0.0,0,1,0,0,0,0,0,1
2025-05-15 00:00:00+05:30,310.0,318.1499938964844,308.1499938964844,316.25,24138544,0.0,0.0,SWIGGY,307.29998779296875,8.95001220703125,2.912467478866601,7633.81454,597.4500122070312,304.0,310.0,318.1499938964844,308.1499938964844,316.25,24138544,42.857142857142854,85.71428571428571,-42.857142857142854,326.81249847412107,354.6383862505819,298.98661069766024,17.02865582337222,0.3102037469752113,0.0,0.0,-10.025894063070176,317.8442721026282,319.85705590773466,324.9292304884175,327.65848375961707,343.50115460951105,,-7.801427851882408,-7.05245691397858,-0.7489709379038283,350.0373559725,,350.0373559725,0.0,0.0,0,1,0,0,0,0,0,1
2025-05-16 00:00:00+05:30,317.79998779296875,327.20001220703125,315.29998779296875,321.20001220703125,23405796,0.0,0.0,SWIGGY,316.25,4.95001220703125,1.5652212512351775,7517.941960915283,597.4500122070312,304.0,317.79998779296875,327.20001220703125,315.29998779296875,321.20001220703125,23405796,35.714285714285715,78.57142857142857,-42.857142857142854,326.0599990844727,353.6371947836726,298.48280338527275,16.915411750372655,0.4118839542197826,0.0,0.0,-8.10311781925908,318.5154201235088,320.0636645691649,324.5902106446551,327.18007845942554,342.62660000549226,,-7.116413890260617,-7.065248309234988,-0.0511655810256286,347.91586173359997,,347.91586173359997,0.0,0.0,0,1,0,0,0,0,0,1
2025-05-19 00:00:00+05:30,321.79998779296875,328.79998779296875,319.20001220703125,323.5,19845567,0.0,0.0,SWIGGY,321.20001220703125,2.29998779296875,0.7160609295015469,6420.0409245,597.4500122070312,304.0,321.79998779296875,328.79998779296875,319.20001220703125,323.5,19845567,28.57142857142857,71.42857142857143,-42.85714285714286,325.1949996948242,351.941328274515,298.44867111513344,16.449409495712167,0.4683134137499664,0.0,0.0,-7.822009772467593,319.51233609880705,320.59233155852417,324.4911005860501,326.90748005502365,341.87653726017885,,-6.315148496499489,-6.915228346687889,0.6000798501883997,345.879227264256,,345.879227264256,0.0,0.0,1,0,0,1,0,0,0,1
2025-05-20 00:00:00+05:30,325.0,325.29998779296875,310.1499938964844,311.3500061035156,17531661,0.0,0.0,SWIGGY,323.5,-12.149993896484377,-3.7557940947401462,5458.482759354767,597.4500122070312,304.0,325.0,325.29998779296875,310.1499938964844,311.3500061035156,17531661,21.428571428571427,64.28571428571429,-42.85714285714286,323.5699996948242,349.52262016328166,297.6173792263668,16.041425653141335,0.2645711035970211,0.0,0.0,-9.37073993769322,317.8798700997488,319.1704353346767,323.2964556330924,325.75507457713417,340.6794183912901,,-6.584639242457456,-6.849110525841803,0.2644712833843465,343.92405817368575,,343.92405817368575,0.0,0.0,1,0,0,0,0,0,0,1
2025-05-21 00:00:00+05:30,313.6499938964844,315.0,308.70001220703125,313.79998779296875,14723896,0.0,0.0,SWIGGY,311.3500061035156,2.449981689453125,0.7868898800145104,4620.358385064941,597.4500122070312,304.0,313.6499938964844,315.0,308.70001220703125,313.79998779296875,14723896,14.285714285714285,57.14285714285714,-42.857142857142854,322.0924987792969,346.7024026630012,297.48259489559257,15.281264839742462,0.3315208579132425,0.0,0.0,-9.697490789127492,317.0638936383928,318.34421263595243,322.4331403748993,324.8695125931219,339.62532307370884,,-6.525299957169466,-6.784348412107335,0.2590484549378695,342.04709584673833,,342.04709584673833,0.0,0.0,1,0,0,0,0,0,0,1
2025-05-22 00:00:00+05:30,311.04998779296875,318.20001220703125,310.1499938964844,315.04998779296875,7794455,0.0,0.0,SWIGGY,313.79998779296875,1.25,0.3983429090585861,2455.642952602844,597.4500122070312,304.0,311.04998779296875,318.20001220703125,310.1499938964844,315.04998779296875,7794455,7.142857142857142,50.0,-42.85714285714286,320.4424987792969,342.1201027563211,298.7648948022727,13.529793369857938,0.3756202255552874,0.0,0.0,-8.306306849125244,316.661112469308,317.83740881395494,321.7619446856329,324.14214038570316,338.66158443524847,,-6.304731571748221,-6.688425044035513,0.383693472287292,340.2452120128688,,340.2452120128688,0.0,0.0,1,0,0,0,0,0,0,1
2025-05-23 00:00:00+05:30,317.04998779296875,326.5,311.45001220703125,323.6499938964844,14197901,0.0,0.0,SWIGGY,315.04998779296875,8.600006103515625,2.729727483489704,4595.150571992889,597.4500122070312,304.0,317.04998779296875,326.5,311.45001220703125,323.6499938964844,14197901,0.0,42.857142857142854,-42.857142857142854,319.5949981689453,339.28860296153425,299.9013933763564,12.324100755906343,0.6029520946075099,0.0,0.0,-6.81146776346344,318.0588887547433,318.73165267280564,321.93358552298304,324.1056850902055,338.0728946101989,,-5.37403241739986,-6.425546518708383,1.0515141013085223,338.51540353235407,,338.51540353235407,0.0,0.0,1,0,0,0,0,0,0,1
2025-05-26 00:00:00+05:30,324.8999938964844,327.1000061035156,318.54998779296875,320.8500061035156,8612919,0.0,0.0,SWIGGY,323.6499938964844,-2.79998779296875,-0.8651283317695019,2763.4551137190856,597.4500122070312,304.0,324.8999938964844,327.1000061035156,318.54998779296875,320.8500061035156,8612919,0.0,35.714285714285715,-35.714285714285715,319.5674987792969,339.2524791432403,299.8825184153535,12.319763705093456,0.5325757836814476,0.0,0.0,-5.915159864387812,318.61711222449776,319.0575532006072,321.8350783030314,323.864523683784,337.39748721777994,,-4.806970483176826,-6.101831311602072,1.2948608284252456,336.8547873910599,,336.8547873910599,0.0,0.0,1,0,0,0,0,0,0,1
2025-05-27 00:00:00+05:30,322.0,325.3500061035156,317.8999938964844,320.1499938964844,7969088,0.0,0.0,SWIGGY,320.8500061035156,-0.70001220703125,-0.218174285091148,2551.303474560547,597.4500122070312,304.0,322.0,325.3500061035156,317.8999938964844,320.1499938964844,7969088,0.0,28.57142857142857,-28.57142857142857,319.3874984741211,338.9818356231409,299.7931613251013,12.269946220582868,0.5194570353813015,0.0,0.0,-4.890040758469496,318.9236885588951,319.2256209999729,321.68188881152713,323.58937332916923,336.7211149306703,,-4.363752329196359,-5.754215515120929,1.3904631859245704,335.2605958954175,,335.2605958954175,0.0,0.0,1,0,0,0,0,0,0,1
2025-05-28 00:00:00+05:30,320.3500061035156,326.8999938964844,318.5,320.20001220703125,11061254,0.0,0.0,SWIGGY,320.1499938964844,0.050018310546875,0.0156233988756681,3541.8136658250733,597.4500122070312,304.0,320.3500061035156,326.8999938964844,318.5,320.20001220703125,11061254,0.0,21.428571428571427,-21.428571428571427,319.4049987792969,339.0015820610456,299.80841549754814,12.270680394259967,0.52028449082945,0.0,0.0,-2.7417541951242073,319.17895328852234,319.3755273395203,321.54717275657293,323.3383095423442,336.07322854935114,,-3.96278220282386,-5.395928852661516,1.4331466498376564,333.7301720596008,,333.7301720596008,0.0,0.0,1,0,0,0,0,0,0,1
2025-05-29 00:00:00+05:30,321.29998779296875,331.20001220703125,320.0,328.8500061035156,21764736,0.0,0.0,SWIGGY,320.20001220703125,8.649993896484375,2.701434592979204,7157.333566441406,597.4500122070312,304.0,321.29998779296875,331.20001220703125,320.0,328.8500061035156,21764736,100.0,14.285714285714285,85.71428571428572,320.0274993896484,339.9902564657821,300.0647423135147,12.47565107011514,0.7209741540264213,0.0,0.0,-0.709982318403781,321.113163851521,320.83313945705805,322.2110666972041,323.7465833616902,335.7899649240243,,-2.9134439046321745,-4.899431863055648,1.9859879584234736,332.2609651772168,,332.2609651772168,0.0,0.0,1,0,1,0,0,0,0,1
2025-05-30 00:00:00+05:30,328.95001220703125,338.20001220703125,327.6499938964844,333.04998779296875,19704228,0.0,0.0,SWIGGY,328.8500061035156,4.199981689453125,1.2771724529422852,6562.492894869873,597.4500122070312,304.0,328.95001220703125,338.20001220703125,327.6499938964844,333.04998779296875,19704228,100.0,7.142857142857142,92.85714285714286,321.47999877929686,340.783199179202,302.17679837939176,12.008958861019025,0.7996909521213064,0.0,0.0,0.0738218456644746,323.50052863981057,322.7126545856597,323.1964231604554,324.4357244306738,335.6825148404535,,-1.7230698450140949,-4.264159459447337,2.5410896144332424,297.0,297.0,,1.0,0.0,1,0,1,0,0,1,0,0
2025-06-02 00:00:00+05:30,330.8500061035156,343.54998779296875,327.95001220703125,333.29998779296875,16854594,0.0,0.0,SWIGGY,333.04998779296875,0.25,0.0750638069848558,5617.635974455445,597.4500122070312,304.0,330.8500061035156,343.54998779296875,327.95001220703125,333.29998779296875,16854594,100.0,0.0,100.0,320.94749755859374,338.2229553773274,303.67203973986005,10.76528588018032,0.857515568154143,0.0,0.0,0.5493793126885596,325.4604204704422,324.3414750790919,324.11492903613845,325.0923365315846,335.5890824072188,,-0.7508614524926998,-3.56149985805641,2.81063840556371,297.8240002441406,297.8240002441406,,0.0,0.0,1,0,1,0,0,0,0,0
2025-06-03 00:00:00+05:30,338.0,347.25,335.75,340.0,16526382,0.0,0.0,SWIGGY,333.29998779296875,6.70001220703125,2.010204756200892,5618.96988,597.4500122070312,304.0,338.0,347.25,335.75,340.0,16526382,100.0,0.0,100.0,320.82249755859374,337.4981216970013,304.1468734201862,10.395545365618872,1.0750160318508362,1.0,0.0,3.3370947469918213,328.3683363763538,326.75047891307776,325.5590263964895,326.19660789961534,335.76205956772003,,0.5538710134624125,-2.7384256837526455,3.292296697215058,299.6530397460937,299.6530397460937,,0.0,0.0,1,0,1,0,0,0,0,0
